"Twilight","Rise","Deleted","Marker","Inserted","Twilight3","Marker3"
2018-03-08 09:15:32.929116,FALSE,FALSE,0,FALSE,2018-03-08 09:15:32.929116,0
2018-03-08 19:40:57.976041,TRUE,FALSE,0,FALSE,2018-03-08 19:40:57.976041,0
2018-03-09 09:18:30.51986,FALSE,FALSE,0,FALSE,2018-03-09 09:18:30.51986,0
2018-03-09 19:53:22.629011,TRUE,FALSE,0,FALSE,2018-03-09 19:53:22.629011,0
2018-03-10 09:14:28.223665,FALSE,FALSE,0,FALSE,2018-03-10 09:14:28.223665,0
2018-03-10 19:46:28.477844,TRUE,FALSE,0,FALSE,2018-03-10 19:46:28.477844,0
2018-03-11 09:07:29.522156,FALSE,FALSE,0,FALSE,2018-03-11 09:07:29.522156,0
2018-03-11 19:54:59.760494,TRUE,FALSE,0,FALSE,2018-03-11 19:54:59.760494,0
2018-03-12 09:07:29.522156,FALSE,FALSE,0,FALSE,2018-03-12 09:07:29.522156,0
2018-03-12 19:45:51.091757,TRUE,FALSE,0,FALSE,2018-03-12 19:45:51.091757,0
2018-03-13 09:13:30.51986,FALSE,FALSE,0,FALSE,2018-03-13 09:13:30.51986,0
2018-03-13 19:54:29.776335,TRUE,FALSE,0,FALSE,2018-03-13 19:54:29.776335,0
2018-03-14 09:14:28.223665,FALSE,FALSE,0,FALSE,2018-03-14 09:14:28.223665,0
2018-03-14 19:50:51.091757,TRUE,FALSE,0,FALSE,2018-03-14 19:50:51.091757,0
2018-03-15 09:07:29.522156,FALSE,FALSE,0,FALSE,2018-03-15 09:07:29.522156,0
2018-03-15 19:45:10.954447,TRUE,FALSE,0,FALSE,2018-03-15 19:45:10.954447,0
2018-03-16 08:58:30.51986,FALSE,FALSE,0,FALSE,2018-03-16 08:58:30.51986,0
2018-03-16 19:52:35.515811,TRUE,FALSE,0,FALSE,2018-03-16 19:52:35.515811,0
2018-03-17 08:53:59.239506,FALSE,FALSE,0,FALSE,2018-03-17 08:53:59.239506,0
2018-03-17 20:05:58.976041,TRUE,FALSE,0,FALSE,2018-03-17 20:05:58.976041,0
2018-03-18 09:07:30.522156,FALSE,FALSE,0,FALSE,2018-03-18 09:07:30.522156,0
2018-03-18 19:46:29.477844,TRUE,FALSE,0,FALSE,2018-03-18 19:46:29.477844,0
2018-03-19 08:55:33.929116,FALSE,FALSE,0,FALSE,2018-03-19 08:55:33.929116,0
2018-03-19 20:01:29.477844,TRUE,FALSE,0,FALSE,2018-03-19 20:01:29.477844,0
2018-03-20 08:57:30.522156,FALSE,FALSE,0,FALSE,2018-03-20 08:57:30.522156,0
2018-03-20 19:51:29.477844,TRUE,FALSE,0,FALSE,2018-03-20 19:51:29.477844,0
2018-03-21 09:00:33.929116,FALSE,FALSE,0,FALSE,2018-03-21 09:00:33.929116,0
2018-03-21 19:50:00.760494,TRUE,FALSE,0,FALSE,2018-03-21 19:50:00.760494,0
2018-03-22 09:00:33.929116,FALSE,FALSE,0,FALSE,2018-03-22 09:00:33.929116,0
2018-03-22 19:59:42.212972,TRUE,FALSE,0,FALSE,2018-03-22 19:59:42.212972,0
2018-03-23 08:57:30.522156,FALSE,FALSE,0,FALSE,2018-03-23 08:57:30.522156,0
2018-03-23 20:10:00.760494,TRUE,FALSE,0,FALSE,2018-03-23 20:10:00.760494,0
2018-03-24 08:47:30.522156,FALSE,FALSE,0,FALSE,2018-03-24 08:47:30.522156,0
2018-03-24 20:13:50.126442,TRUE,FALSE,0,FALSE,2018-03-24 20:13:50.126442,0
2018-03-25 08:47:30.522156,FALSE,FALSE,0,FALSE,2018-03-25 08:47:30.522156,0
2018-03-25 20:11:29.477844,TRUE,FALSE,0,FALSE,2018-03-25 20:11:29.477844,0
2018-03-26 08:51:08.109899,FALSE,FALSE,0,FALSE,2018-03-26 08:51:08.109899,0
2018-03-26 20:01:29.477844,TRUE,FALSE,0,FALSE,2018-03-26 20:01:29.477844,0
2018-03-27 08:43:01.023959,FALSE,FALSE,0,FALSE,2018-03-27 08:43:01.023959,0
2018-03-27 20:09:59.630973,TRUE,FALSE,0,FALSE,2018-03-27 20:09:59.630973,0
2018-03-28 08:45:56.562692,FALSE,FALSE,0,FALSE,2018-03-28 08:45:56.562692,0
2018-03-28 20:09:32.893472,TRUE,FALSE,0,FALSE,2018-03-28 20:09:32.893472,0
2018-03-29 08:52:30.522156,FALSE,FALSE,0,FALSE,2018-03-29 08:52:30.522156,0
2018-03-29 20:05:28.48014,TRUE,FALSE,0,FALSE,2018-03-29 20:05:28.48014,0
2018-03-30 08:42:30.522156,FALSE,FALSE,0,FALSE,2018-03-30 08:42:30.522156,0
2018-03-30 20:10:52.091757,TRUE,FALSE,0,FALSE,2018-03-30 20:10:52.091757,0
2018-03-31 08:44:27.106528,FALSE,FALSE,0,FALSE,2018-03-31 08:44:27.106528,0
2018-03-31 20:05:52.091757,TRUE,FALSE,0,FALSE,2018-03-31 20:05:52.091757,0
2018-04-01 08:41:15.172064,FALSE,FALSE,0,FALSE,2018-04-01 08:41:15.172064,0
2018-04-01 20:16:29.477844,TRUE,FALSE,0,FALSE,2018-04-01 20:16:29.477844,0
2018-04-02 08:40:33.929116,FALSE,FALSE,0,FALSE,2018-04-02 08:40:33.929116,0
2018-04-02 20:01:29.477844,TRUE,FALSE,0,FALSE,2018-04-02 20:01:29.477844,0
2018-04-03 08:43:07.908243,FALSE,FALSE,0,FALSE,2018-04-03 08:43:07.908243,0
2018-04-03 20:11:29.477844,TRUE,FALSE,0,FALSE,2018-04-03 20:11:29.477844,0
2018-04-04 08:43:06.229769,FALSE,FALSE,0,FALSE,2018-04-04 09:57:31.522156,0
2018-04-04 20:24:33.893472,TRUE,FALSE,0,FALSE,2018-04-04 20:24:33.893472,0
2018-04-05 09:19:28.106528,FALSE,FALSE,0,FALSE,2018-04-05 09:19:28.106528,0
2018-04-05 21:04:33.893472,TRUE,FALSE,0,FALSE,2018-04-05 21:04:33.893472,0
2018-04-06 10:04:28.106528,FALSE,FALSE,0,FALSE,2018-04-06 10:04:28.106528,0
2018-04-06 21:51:30.477844,TRUE,FALSE,0,FALSE,2018-04-06 21:51:30.477844,0
2018-04-07 10:45:34.929116,FALSE,FALSE,0,FALSE,2018-04-07 10:45:34.929116,0
2018-04-07 22:04:33.893472,TRUE,FALSE,0,FALSE,2018-04-07 22:04:33.893472,0
2018-04-08 10:52:31.522156,FALSE,FALSE,0,FALSE,2018-04-08 10:52:31.522156,0
2018-04-08 22:07:52.890101,TRUE,FALSE,0,FALSE,2018-04-08 22:07:52.890101,0
2018-04-09 10:48:08.908243,FALSE,FALSE,0,FALSE,2018-04-09 10:48:08.908243,0
2018-04-09 22:12:52.890101,TRUE,FALSE,0,FALSE,2018-04-09 22:12:52.890101,0
2018-04-10 10:46:40.641446,FALSE,FALSE,0,FALSE,2018-04-10 10:46:40.641446,0
2018-04-10 22:12:45.827936,TRUE,FALSE,0,FALSE,2018-04-10 22:12:45.827936,0
2018-04-11 10:48:08.908243,FALSE,FALSE,0,FALSE,2018-04-11 10:48:08.908243,0
2018-04-11 22:08:27.070884,TRUE,FALSE,0,FALSE,2018-04-11 22:08:27.070884,0
2018-04-12 10:48:08.908243,FALSE,FALSE,0,FALSE,2018-04-12 10:48:08.908243,0
2018-04-12 22:16:30.477844,TRUE,FALSE,0,FALSE,2018-04-12 22:16:30.477844,0
2018-04-13 10:49:00.239506,FALSE,FALSE,0,FALSE,2018-04-13 10:49:00.239506,0
2018-04-13 22:04:33.893472,TRUE,FALSE,0,FALSE,2018-04-13 22:04:33.893472,0
2018-04-14 10:53:02.023959,FALSE,FALSE,0,FALSE,2018-04-14 10:53:02.023959,0
2018-04-14 22:11:30.477844,TRUE,FALSE,0,FALSE,2018-04-14 22:11:30.477844,0
2018-04-15 10:49:00.239506,FALSE,FALSE,0,FALSE,2018-04-15 10:49:00.239506,0
2018-04-15 22:10:53.091757,TRUE,FALSE,0,FALSE,2018-04-15 22:10:53.091757,0
2018-04-16 10:45:34.929116,FALSE,FALSE,0,FALSE,2018-04-16 10:45:34.929116,0
2018-04-16 22:16:30.477844,TRUE,FALSE,0,FALSE,2018-04-16 22:16:30.477844,0
2018-04-17 10:42:31.522156,FALSE,FALSE,0,FALSE,2018-04-17 10:42:31.522156,0
2018-04-17 22:15:53.091757,TRUE,FALSE,0,FALSE,2018-04-17 22:15:53.091757,0
2018-04-18 10:47:31.522156,FALSE,FALSE,0,FALSE,2018-04-18 10:47:31.522156,0
2018-04-18 22:20:53.091757,TRUE,FALSE,0,FALSE,2018-04-18 22:20:53.091757,0
2018-04-19 10:43:32.51986,FALSE,FALSE,0,FALSE,2018-04-19 10:43:32.51986,0
2018-04-19 22:15:01.760494,TRUE,FALSE,0,FALSE,2018-04-19 22:15:01.760494,0
2018-04-20 10:44:28.106528,FALSE,FALSE,0,FALSE,2018-04-20 10:44:28.106528,0
2018-04-20 22:19:00.487072,TRUE,FALSE,0,FALSE,2018-04-20 22:19:00.487072,0
2018-04-21 10:44:28.106528,FALSE,FALSE,0,FALSE,2018-04-21 10:44:28.106528,0
2018-04-21 22:11:30.477844,TRUE,FALSE,0,FALSE,2018-04-21 22:11:30.477844,0
2018-04-22 11:04:29.106528,FALSE,FALSE,0,FALSE,2018-04-22 11:04:29.106528,0
2018-04-22 21:52:46.827936,TRUE,FALSE,0,FALSE,2018-04-22 21:52:46.827936,0
2018-04-23 11:14:29.106528,FALSE,FALSE,0,FALSE,2018-04-23 11:14:29.106528,0
2018-04-23 21:30:54.091757,TRUE,FALSE,0,FALSE,2018-04-23 21:30:54.091757,0
2018-04-24 11:18:03.023959,FALSE,FALSE,0,FALSE,2018-04-24 11:18:03.023959,0
2018-04-24 21:16:31.477844,TRUE,FALSE,0,FALSE,2018-04-24 21:16:31.477844,0
2018-04-25 11:08:03.023959,FALSE,FALSE,0,FALSE,2018-04-25 11:08:03.023959,0
2018-04-25 21:24:34.893472,TRUE,FALSE,0,FALSE,2018-04-25 21:24:34.893472,0
2018-04-26 11:07:32.522156,FALSE,FALSE,0,FALSE,2018-04-26 11:07:32.522156,0
2018-04-26 21:19:34.893472,TRUE,FALSE,0,FALSE,2018-04-26 21:19:34.893472,0
2018-04-27 11:09:29.106528,FALSE,FALSE,0,FALSE,2018-04-27 11:09:29.106528,0
2018-04-27 21:24:34.893472,TRUE,FALSE,0,FALSE,2018-04-27 21:24:34.893472,0
2018-04-28 11:08:03.023959,FALSE,FALSE,0,FALSE,2018-04-28 11:08:03.023959,0
2018-04-28 21:16:31.477844,TRUE,FALSE,0,FALSE,2018-04-28 21:16:31.477844,0
2018-04-29 11:07:32.522156,FALSE,FALSE,0,FALSE,2018-04-29 11:07:32.522156,0
2018-04-29 21:16:31.477844,TRUE,FALSE,0,FALSE,2018-04-29 21:16:31.477844,0
2018-04-30 10:54:01.239506,FALSE,FALSE,0,FALSE,2018-04-30 10:54:01.239506,0
2018-04-30 21:15:02.760494,TRUE,FALSE,0,FALSE,2018-04-30 21:15:02.760494,0
2018-05-01 11:09:29.106528,FALSE,FALSE,0,FALSE,2018-05-01 11:09:29.106528,0
2018-05-01 21:16:31.477844,TRUE,FALSE,0,FALSE,2018-05-01 21:16:31.477844,0
2018-05-02 11:04:29.106528,FALSE,FALSE,0,FALSE,2018-05-02 11:04:29.106528,0
2018-05-02 21:17:53.890101,TRUE,FALSE,0,FALSE,2018-05-02 21:17:53.890101,0
2018-05-03 11:09:19.787028,FALSE,FALSE,0,FALSE,2018-05-03 11:09:19.787028,0
2018-05-03 21:15:54.091757,TRUE,FALSE,0,FALSE,2018-05-03 21:15:54.091757,0
2018-05-04 11:04:29.106528,FALSE,FALSE,0,FALSE,2018-05-04 11:04:29.106528,0
2018-05-04 21:18:28.070884,TRUE,FALSE,0,FALSE,2018-05-04 21:18:28.070884,0
2018-05-05 11:14:29.106528,FALSE,FALSE,0,FALSE,2018-05-05 11:14:29.106528,0
2018-05-05 21:16:31.477844,TRUE,FALSE,0,FALSE,2018-05-05 21:16:31.477844,0
2018-05-06 11:09:01.239506,FALSE,FALSE,0,FALSE,2018-05-06 11:09:01.239506,0
2018-05-06 21:16:31.477844,TRUE,FALSE,0,FALSE,2018-05-06 21:16:31.477844,0
2018-05-07 11:15:35.929116,FALSE,FALSE,0,FALSE,2018-05-07 11:15:35.929116,0
2018-05-07 21:06:31.477844,TRUE,FALSE,0,FALSE,2018-05-07 21:06:31.477844,0
2018-05-08 11:16:25.484189,FALSE,FALSE,0,FALSE,2018-05-08 11:16:25.484189,0
2018-05-08 21:04:34.893472,TRUE,FALSE,0,FALSE,2018-05-08 21:04:34.893472,0
2018-05-09 11:19:01.239506,FALSE,FALSE,0,FALSE,2018-05-09 11:19:01.239506,0
2018-05-09 21:15:54.091757,TRUE,FALSE,0,FALSE,2018-05-09 21:15:54.091757,0
2018-05-10 11:14:02.239506,FALSE,FALSE,0,FALSE,2018-05-10 11:14:02.239506,0
2018-05-10 21:09:35.893472,TRUE,FALSE,0,FALSE,2018-05-10 21:09:35.893472,0
2018-05-11 11:17:33.522156,FALSE,FALSE,0,FALSE,2018-05-11 11:17:33.522156,0
2018-05-11 21:11:32.477844,TRUE,FALSE,0,FALSE,2018-05-11 21:11:32.477844,0
2018-05-12 11:14:30.106528,FALSE,FALSE,0,FALSE,2018-05-12 11:14:30.106528,0
2018-05-12 21:11:32.477844,TRUE,FALSE,0,FALSE,2018-05-12 21:11:32.477844,0
2018-05-13 11:19:30.106528,FALSE,FALSE,0,FALSE,2018-05-13 11:19:30.106528,0
2018-05-13 20:59:35.893472,TRUE,FALSE,0,FALSE,2018-05-13 20:59:35.893472,0
2018-05-14 11:22:33.522156,FALSE,FALSE,0,FALSE,2018-05-14 11:22:33.522156,0
2018-05-14 21:00:03.760494,TRUE,FALSE,0,FALSE,2018-05-14 21:00:03.760494,0
2018-05-15 11:17:33.522156,FALSE,FALSE,0,FALSE,2018-05-15 11:17:33.522156,0
2018-05-15 20:59:35.893472,TRUE,FALSE,0,FALSE,2018-05-15 20:59:35.893472,0
2018-05-16 11:24:30.106528,FALSE,FALSE,0,FALSE,2018-05-16 11:24:30.106528,0
2018-05-16 20:48:29.070884,TRUE,FALSE,0,FALSE,2018-05-16 20:48:29.070884,0
2018-05-17 11:16:18.172064,FALSE,FALSE,0,FALSE,2018-05-17 11:16:18.172064,0
2018-05-17 20:31:01.976041,TRUE,FALSE,0,FALSE,2018-05-17 20:31:01.976041,0
2018-05-18 11:32:33.522156,FALSE,FALSE,0,FALSE,2018-05-18 11:32:33.522156,0
2018-05-18 20:23:29.070884,TRUE,FALSE,0,FALSE,2018-05-18 20:23:29.070884,0
2018-05-19 11:32:33.522156,FALSE,FALSE,0,FALSE,2018-05-19 11:32:33.522156,0
2018-05-19 20:43:06.437308,TRUE,FALSE,0,FALSE,2018-05-19 20:43:06.437308,0
2018-05-20 11:37:33.522156,FALSE,FALSE,0,FALSE,2018-05-20 11:37:33.522156,0
2018-05-20 20:28:29.070884,TRUE,FALSE,0,FALSE,2018-05-20 20:28:29.070884,0
2018-05-21 11:33:04.023959,FALSE,FALSE,0,FALSE,2018-05-21 11:33:04.023959,0
2018-05-21 20:39:35.893472,TRUE,FALSE,0,FALSE,2018-05-21 20:39:35.893472,0
2018-05-22 11:45:59.562692,FALSE,FALSE,0,FALSE,2018-05-22 11:45:59.562692,0
2018-05-22 20:26:01.976041,TRUE,FALSE,0,FALSE,2018-05-22 20:26:01.976041,0
2018-05-23 11:55:36.929116,FALSE,FALSE,0,FALSE,2018-05-23 11:55:36.929116,0
2018-05-23 20:25:55.091757,TRUE,FALSE,0,FALSE,2018-05-23 20:25:55.091757,0
2018-05-24 11:52:33.522156,FALSE,FALSE,0,FALSE,2018-05-24 11:52:33.522156,0
2018-05-24 20:21:32.477844,TRUE,FALSE,0,FALSE,2018-05-24 20:21:32.477844,0
2018-05-25 11:52:33.522156,FALSE,FALSE,0,FALSE,2018-05-25 11:52:33.522156,0
2018-05-25 20:16:32.477844,TRUE,FALSE,0,FALSE,2018-05-25 20:16:32.477844,0
2018-05-26 11:47:33.522156,FALSE,FALSE,0,FALSE,2018-05-26 11:47:33.522156,0
2018-05-26 20:29:35.893472,TRUE,FALSE,0,FALSE,2018-05-26 20:29:35.893472,0
2018-05-27 11:53:04.023959,FALSE,FALSE,0,FALSE,2018-05-27 11:53:04.023959,0
2018-05-27 20:19:35.893472,TRUE,FALSE,0,FALSE,2018-05-27 20:19:35.893472,0
2018-05-28 12:03:04.023959,FALSE,FALSE,0,FALSE,2018-05-28 12:03:04.023959,0
2018-05-28 20:21:33.477844,TRUE,FALSE,0,FALSE,2018-05-28 20:21:33.477844,0
2018-05-29 11:53:05.023959,FALSE,FALSE,0,FALSE,2018-05-29 11:53:05.023959,0
2018-05-29 20:16:02.976041,TRUE,FALSE,0,FALSE,2018-05-29 20:16:02.976041,0
2018-05-30 12:03:05.023959,FALSE,FALSE,0,FALSE,2018-05-30 12:03:05.023959,0
2018-05-30 20:16:33.477844,TRUE,FALSE,0,FALSE,2018-05-30 20:16:33.477844,0
2018-05-31 12:03:05.023959,FALSE,FALSE,0,FALSE,2018-05-31 12:03:05.023959,0
2018-05-31 19:38:30.070884,TRUE,FALSE,0,FALSE,2018-05-31 19:38:30.070884,0
2018-06-01 12:03:05.023959,FALSE,FALSE,0,FALSE,2018-06-01 12:03:05.023959,0
2018-06-01 18:46:02.976041,TRUE,FALSE,0,FALSE,2018-06-01 18:46:02.976041,0
2018-06-02 11:46:00.562692,FALSE,FALSE,0,FALSE,2018-06-02 11:46:00.562692,0
2018-06-02 17:06:33.477844,TRUE,FALSE,0,FALSE,2018-06-02 17:06:33.477844,0
2018-06-03 11:12:34.522156,FALSE,FALSE,0,FALSE,2018-06-03 11:12:34.522156,0
2018-06-03 17:54:36.893472,TRUE,FALSE,0,FALSE,2018-06-03 17:54:36.893472,0
2018-06-04 11:07:34.522156,FALSE,FALSE,0,FALSE,2018-06-04 11:07:34.522156,0
2018-06-04 17:31:02.976041,TRUE,FALSE,0,FALSE,2018-06-04 17:31:02.976041,0
2018-06-05 10:54:51.783329,FALSE,FALSE,0,FALSE,2018-06-05 10:54:51.783329,0
2018-06-05 17:54:34.776335,TRUE,FALSE,0,FALSE,2018-06-05 17:54:34.776335,0
2018-06-06 11:03:05.023959,FALSE,FALSE,0,FALSE,2018-06-06 11:03:05.023959,0
2018-06-06 17:46:33.477844,TRUE,FALSE,0,FALSE,2018-06-06 17:46:33.477844,0
2018-06-07 10:50:37.929116,FALSE,FALSE,0,FALSE,2018-06-07 10:50:37.929116,0
2018-06-07 17:31:02.976041,TRUE,FALSE,0,FALSE,2018-06-07 17:31:02.976041,0
2018-06-08 10:29:52.169216,FALSE,FALSE,0,FALSE,2018-06-08 10:29:52.169216,0
2018-06-08 17:51:02.976041,TRUE,FALSE,0,FALSE,2018-06-08 17:51:02.976041,0
2018-06-09 11:28:05.023959,FALSE,FALSE,0,FALSE,2018-06-09 11:28:05.023959,0
2018-06-09 16:58:30.070884,TRUE,FALSE,0,FALSE,2018-06-09 16:58:30.070884,0
2018-07-14 13:30:39.929116,FALSE,FALSE,0,FALSE,2018-07-14 13:30:39.929116,0
2018-07-14 19:16:04.976041,TRUE,FALSE,0,FALSE,2018-07-14 19:16:04.976041,0
2018-07-15 12:35:39.929116,FALSE,FALSE,0,FALSE,2018-07-15 12:35:39.929116,0
2018-07-15 20:04:36.776335,TRUE,FALSE,0,FALSE,2018-07-15 20:04:36.776335,0
2018-07-16 12:42:36.522156,FALSE,FALSE,0,FALSE,2018-07-16 12:42:36.522156,0
2018-07-16 20:23:09.437308,TRUE,FALSE,0,FALSE,2018-07-16 20:23:09.437308,0
2018-07-17 12:15:39.929116,FALSE,FALSE,0,FALSE,2018-07-17 12:15:39.929116,0
2018-07-17 20:11:35.477844,TRUE,FALSE,0,FALSE,2018-07-17 20:11:35.477844,0
2018-07-18 12:19:05.239506,FALSE,FALSE,0,FALSE,2018-07-18 12:19:05.239506,0
2018-07-18 20:16:35.477844,TRUE,FALSE,0,FALSE,2018-07-18 20:16:35.477844,0
2018-07-19 12:07:36.522156,FALSE,FALSE,0,FALSE,2018-07-19 12:07:36.522156,0
2018-07-19 20:30:58.091757,TRUE,FALSE,0,FALSE,2018-07-19 20:30:58.091757,0
2018-07-20 12:18:07.023959,FALSE,FALSE,0,FALSE,2018-07-20 12:18:07.023959,0
2018-07-20 20:15:06.760494,TRUE,FALSE,0,FALSE,2018-07-20 20:15:06.760494,0
2018-07-21 11:49:33.106528,FALSE,FALSE,0,FALSE,2018-07-21 11:49:33.106528,0
2018-07-21 20:28:32.070884,TRUE,FALSE,0,FALSE,2018-07-21 20:28:32.070884,0
2018-07-22 11:54:36.223665,FALSE,FALSE,0,FALSE,2018-07-22 11:54:36.223665,0
2018-07-22 20:37:58.890101,TRUE,FALSE,0,FALSE,2018-07-22 20:37:58.890101,0
2018-07-23 11:43:08.023959,FALSE,FALSE,0,FALSE,2018-07-23 11:43:08.023959,0
2018-07-23 20:56:05.976041,TRUE,FALSE,0,FALSE,2018-07-23 20:56:05.976041,0
2018-07-24 11:53:08.023959,FALSE,FALSE,0,FALSE,2018-07-24 11:53:08.023959,0
2018-07-24 20:38:10.437308,TRUE,FALSE,0,FALSE,2018-07-24 20:38:10.437308,0
2018-07-25 11:50:40.929116,FALSE,FALSE,0,FALSE,2018-07-25 11:50:40.929116,0
2018-07-25 20:41:36.477844,TRUE,FALSE,0,FALSE,2018-07-25 20:41:36.477844,0
2018-07-26 11:53:08.023959,FALSE,FALSE,0,FALSE,2018-07-26 11:53:08.023959,0
2018-07-26 20:45:59.091757,TRUE,FALSE,0,FALSE,2018-07-26 20:45:59.091757,0
2018-07-27 11:53:08.023959,FALSE,FALSE,0,FALSE,2018-07-27 11:53:08.023959,0
2018-07-27 20:43:10.437308,TRUE,FALSE,0,FALSE,2018-07-27 20:43:10.437308,0
2018-07-28 11:44:54.783329,FALSE,FALSE,0,FALSE,2018-07-28 11:44:54.783329,0
2018-07-28 20:46:05.976041,TRUE,FALSE,0,FALSE,2018-07-28 20:46:05.976041,0
2018-07-29 11:52:37.522156,FALSE,FALSE,0,FALSE,2018-07-29 11:52:37.522156,0
2018-07-29 20:40:07.760494,TRUE,FALSE,0,FALSE,2018-07-29 20:40:07.760494,0
2018-07-30 11:53:14.908243,FALSE,FALSE,0,FALSE,2018-07-30 11:53:14.908243,0
2018-07-30 20:36:36.477844,TRUE,FALSE,0,FALSE,2018-07-30 20:36:36.477844,0
2018-07-31 11:52:37.522156,FALSE,FALSE,0,FALSE,2018-07-31 11:52:37.522156,0
2018-07-31 20:44:37.776335,TRUE,FALSE,0,FALSE,2018-07-31 20:44:37.776335,0
2018-08-01 11:49:06.239506,FALSE,FALSE,0,FALSE,2018-08-01 11:49:06.239506,0
2018-08-01 20:42:58.890101,TRUE,FALSE,0,FALSE,2018-08-01 20:42:58.890101,0
2018-08-02 11:46:03.562692,FALSE,FALSE,0,FALSE,2018-08-02 11:46:03.562692,0
2018-08-02 20:35:07.760494,TRUE,FALSE,0,FALSE,2018-08-02 20:35:07.760494,0
2018-08-03 11:47:37.522156,FALSE,FALSE,0,FALSE,2018-08-03 11:47:37.522156,0
2018-08-03 20:41:05.976041,TRUE,FALSE,0,FALSE,2018-08-03 20:41:05.976041,0
2018-08-04 11:44:36.223665,FALSE,FALSE,0,FALSE,2018-08-04 11:44:36.223665,0
2018-08-04 20:43:10.437308,TRUE,FALSE,0,FALSE,2018-08-04 20:43:10.437308,0
2018-08-05 11:42:37.522156,FALSE,FALSE,0,FALSE,2018-08-05 11:42:37.522156,0
2018-08-05 21:00:07.760494,TRUE,FALSE,0,FALSE,2018-08-05 21:00:07.760494,0
2018-08-06 11:39:06.239506,FALSE,FALSE,0,FALSE,2018-08-06 11:39:06.239506,0
2018-08-06 20:50:59.091757,TRUE,FALSE,0,FALSE,2018-08-06 20:50:59.091757,0
2018-08-07 11:38:14.908243,FALSE,FALSE,0,FALSE,2018-08-07 11:38:14.908243,0
2018-08-07 20:39:39.893472,TRUE,FALSE,0,FALSE,2018-08-07 20:39:39.893472,0
2018-08-08 11:11:15.109899,FALSE,FALSE,0,FALSE,2018-08-08 11:11:15.109899,0
2018-08-08 21:17:47.01944,TRUE,FALSE,0,FALSE,2018-08-08 21:17:47.01944,0
2018-08-09 10:53:38.51986,FALSE,FALSE,0,FALSE,2018-08-09 10:53:38.51986,0
2018-08-09 21:23:58.126442,TRUE,FALSE,0,FALSE,2018-08-09 21:23:58.126442,0
2018-08-10 10:40:41.929116,FALSE,FALSE,0,FALSE,2018-08-10 10:40:41.929116,0
2018-08-10 21:36:37.477844,TRUE,FALSE,0,FALSE,2018-08-10 21:36:37.477844,0
2018-08-11 10:24:25.787028,FALSE,FALSE,0,FALSE,2018-08-11 10:24:25.787028,0
2018-08-11 21:25:08.760494,TRUE,FALSE,0,FALSE,2018-08-11 21:25:08.760494,0
2018-08-12 10:36:31.484189,FALSE,FALSE,0,FALSE,2018-08-12 10:36:31.484189,0
2018-08-12 21:27:41.838266,TRUE,FALSE,0,FALSE,2018-08-12 21:27:41.838266,0
2018-08-13 10:37:38.522156,FALSE,FALSE,0,FALSE,2018-08-13 10:37:38.522156,0
2018-08-13 21:26:00.091757,TRUE,FALSE,0,FALSE,2018-08-13 21:26:00.091757,0
2018-08-14 10:37:38.522156,FALSE,FALSE,0,FALSE,2018-08-14 10:37:38.522156,0
2018-08-14 21:26:37.477844,TRUE,FALSE,0,FALSE,2018-08-14 21:26:37.477844,0
2018-08-15 10:36:04.562692,FALSE,FALSE,0,FALSE,2018-08-15 10:36:04.562692,0
2018-08-15 21:31:37.477844,TRUE,FALSE,0,FALSE,2018-08-15 21:31:37.477844,0
2018-08-16 10:32:38.522156,FALSE,FALSE,0,FALSE,2018-08-16 10:32:38.522156,0
2018-08-16 21:33:34.070884,TRUE,FALSE,0,FALSE,2018-08-16 21:33:34.070884,0
2018-08-17 10:25:41.929116,FALSE,FALSE,0,FALSE,2018-08-17 10:25:41.929116,0
2018-08-17 21:46:37.477844,TRUE,FALSE,0,FALSE,2018-08-17 21:46:37.477844,0
2018-08-18 10:24:35.106528,FALSE,FALSE,0,FALSE,2018-08-18 10:24:35.106528,0
2018-08-18 21:49:20.216671,TRUE,FALSE,0,FALSE,2018-08-18 21:49:20.216671,0
2018-08-19 10:28:09.023959,FALSE,FALSE,0,FALSE,2018-08-19 10:28:09.023959,0
2018-08-19 21:41:06.976041,TRUE,FALSE,0,FALSE,2018-08-19 21:41:06.976041,0
2018-08-20 10:28:09.023959,FALSE,FALSE,0,FALSE,2018-08-20 10:28:09.023959,0
2018-08-20 21:44:40.893472,TRUE,FALSE,0,FALSE,2018-08-20 21:44:40.893472,0
2018-08-21 10:27:38.522156,FALSE,FALSE,0,FALSE,2018-08-21 10:27:38.522156,0
2018-08-21 21:43:34.070884,TRUE,FALSE,0,FALSE,2018-08-21 21:43:34.070884,0
2018-08-22 10:27:38.522156,FALSE,FALSE,0,FALSE,2018-08-22 10:27:38.522156,0
2018-08-22 21:41:37.477844,TRUE,FALSE,0,FALSE,2018-08-22 21:41:37.477844,0
2018-08-23 10:27:38.522156,FALSE,FALSE,0,FALSE,2018-08-23 10:27:38.522156,0
2018-08-23 21:42:59.890101,TRUE,FALSE,0,FALSE,2018-08-23 21:42:59.890101,0
2018-08-24 10:19:35.106528,FALSE,FALSE,0,FALSE,2018-08-24 10:19:35.106528,0
2018-08-24 21:41:37.477844,TRUE,FALSE,0,FALSE,2018-08-24 21:41:37.477844,0
2018-08-25 10:19:35.106528,FALSE,FALSE,0,FALSE,2018-08-25 10:19:35.106528,0
2018-08-25 21:41:06.976041,TRUE,FALSE,0,FALSE,2018-08-25 21:41:06.976041,0
2018-08-26 10:23:15.908243,FALSE,FALSE,0,FALSE,2018-08-26 10:23:15.908243,0
2018-08-26 21:43:11.437308,TRUE,FALSE,0,FALSE,2018-08-26 21:43:11.437308,0
2018-08-27 10:19:35.106528,FALSE,FALSE,0,FALSE,2018-08-27 10:19:35.106528,0
2018-08-27 21:44:41.893472,TRUE,FALSE,0,FALSE,2018-08-27 21:44:41.893472,0
2018-08-28 10:22:39.522156,FALSE,FALSE,0,FALSE,2018-08-28 10:22:39.522156,0
2018-08-28 21:43:00.890101,TRUE,FALSE,0,FALSE,2018-08-28 21:43:00.890101,0
2018-08-29 10:13:10.023959,FALSE,FALSE,0,FALSE,2018-08-29 10:13:10.023959,0
2018-08-29 21:41:38.477844,TRUE,FALSE,0,FALSE,2018-08-29 21:41:38.477844,0
2018-08-30 10:21:05.562692,FALSE,FALSE,0,FALSE,2018-08-30 10:21:05.562692,0
2018-08-30 21:31:07.976041,TRUE,FALSE,0,FALSE,2018-08-30 21:31:07.976041,0
2018-08-31 10:05:42.929116,FALSE,FALSE,0,FALSE,2018-08-31 10:05:42.929116,0
2018-08-31 21:04:41.893472,TRUE,FALSE,0,FALSE,2018-08-31 21:04:41.893472,0
2018-09-01 09:10:42.929116,FALSE,FALSE,0,FALSE,2018-09-01 09:10:42.929116,0
2018-09-01 20:33:12.437308,TRUE,FALSE,0,FALSE,2018-09-01 20:33:12.437308,0
2018-09-02 08:39:36.106528,FALSE,FALSE,0,FALSE,2018-09-02 08:39:36.106528,0
2018-09-02 20:14:41.893472,TRUE,FALSE,0,FALSE,2018-09-02 20:14:41.893472,0
2018-09-03 08:28:10.023959,FALSE,FALSE,0,FALSE,2018-09-03 08:28:10.023959,0
2018-09-03 20:08:35.070884,TRUE,FALSE,0,FALSE,2018-09-03 20:08:35.070884,0
2018-09-04 08:32:39.522156,FALSE,FALSE,0,FALSE,2018-09-04 08:32:39.522156,0
2018-09-04 20:12:36.316989,TRUE,FALSE,0,FALSE,2018-09-04 20:12:36.316989,0
2018-09-05 08:30:42.929116,FALSE,FALSE,0,FALSE,2018-09-05 08:30:42.929116,0
2018-09-05 20:16:38.477844,TRUE,FALSE,0,FALSE,2018-09-05 20:16:38.477844,0
2018-09-06 08:27:39.522156,FALSE,FALSE,0,FALSE,2018-09-06 08:27:39.522156,0
2018-09-06 20:11:38.477844,TRUE,FALSE,0,FALSE,2018-09-06 20:11:38.477844,0
2018-09-07 08:34:36.106528,FALSE,FALSE,0,FALSE,2018-09-07 08:34:36.106528,0
2018-09-07 20:01:38.477844,TRUE,FALSE,0,FALSE,2018-09-07 20:01:38.477844,0
2018-09-08 08:26:05.562692,FALSE,FALSE,0,FALSE,2018-09-08 08:26:05.562692,0
2018-09-08 20:14:41.893472,TRUE,FALSE,0,FALSE,2018-09-08 20:14:41.893472,0
2018-09-09 08:29:36.106528,FALSE,FALSE,0,FALSE,2018-09-09 08:29:36.106528,0
2018-09-09 20:01:38.477844,TRUE,FALSE,0,FALSE,2018-09-09 20:01:38.477844,0
2018-09-10 08:37:39.522156,FALSE,FALSE,0,FALSE,2018-09-10 08:37:39.522156,0
2018-09-10 20:00:37.48014,TRUE,FALSE,0,FALSE,2018-09-10 20:00:37.48014,0
2018-09-11 08:37:39.522156,FALSE,FALSE,0,FALSE,2018-09-11 08:37:39.522156,0
2018-09-11 19:58:00.890101,TRUE,FALSE,0,FALSE,2018-09-11 19:58:00.890101,0
2018-09-12 08:37:39.522156,FALSE,FALSE,0,FALSE,2018-09-12 08:37:39.522156,0
2018-09-12 19:54:41.893472,TRUE,FALSE,0,FALSE,2018-09-12 19:54:41.893472,0
2018-09-13 08:39:36.106528,FALSE,FALSE,0,FALSE,2018-09-13 08:39:36.106528,0
2018-09-13 19:56:38.477844,TRUE,FALSE,0,FALSE,2018-09-13 19:56:38.477844,0
2018-09-14 08:31:40.460065,FALSE,FALSE,0,FALSE,2018-09-14 08:31:40.460065,0
2018-09-14 20:06:07.976041,TRUE,FALSE,0,FALSE,2018-09-14 20:06:07.976041,0
2018-09-15 08:30:43.929116,FALSE,FALSE,0,FALSE,2018-09-15 08:30:43.929116,0
2018-09-15 19:56:08.976041,TRUE,FALSE,0,FALSE,2018-09-15 19:56:08.976041,0
2018-09-16 08:35:43.929116,FALSE,FALSE,0,FALSE,2018-09-16 08:35:43.929116,0
2018-09-16 19:46:39.477844,TRUE,FALSE,0,FALSE,2018-09-16 19:46:39.477844,0
2018-09-17 08:33:11.023959,FALSE,FALSE,0,FALSE,2018-09-17 08:33:11.023959,0
2018-09-17 19:56:08.976041,TRUE,FALSE,0,FALSE,2018-09-17 19:56:08.976041,0
2018-09-18 08:37:40.522156,FALSE,FALSE,0,FALSE,2018-09-18 08:37:40.522156,0
2018-09-18 19:43:36.070884,TRUE,FALSE,0,FALSE,2018-09-18 19:43:36.070884,0
2018-09-19 08:37:40.522156,FALSE,FALSE,0,FALSE,2018-09-19 08:37:40.522156,0
2018-09-19 19:41:39.477844,TRUE,FALSE,0,FALSE,2018-09-19 19:41:39.477844,0
2018-09-20 08:35:43.929116,FALSE,FALSE,0,FALSE,2018-09-20 08:35:43.929116,0
2018-09-20 19:46:39.477844,TRUE,FALSE,0,FALSE,2018-09-20 19:46:39.477844,0
2018-09-21 08:49:37.106528,FALSE,FALSE,0,FALSE,2018-09-21 08:49:37.106528,0
2018-09-21 19:49:42.893472,TRUE,FALSE,0,FALSE,2018-09-21 19:49:42.893472,0
2018-09-22 08:45:43.929116,FALSE,FALSE,0,FALSE,2018-09-22 08:45:43.929116,0
2018-09-22 19:46:08.976041,TRUE,FALSE,0,FALSE,2018-09-22 19:46:08.976041,0
2018-09-23 08:42:40.522156,FALSE,FALSE,0,FALSE,2018-09-23 08:42:40.522156,0
2018-09-23 19:35:10.760494,TRUE,FALSE,0,FALSE,2018-09-23 19:35:10.760494,0
2018-09-24 08:42:40.522156,FALSE,FALSE,0,FALSE,2018-09-24 08:42:40.522156,0
2018-09-24 19:43:36.070884,TRUE,FALSE,0,FALSE,2018-09-24 19:43:36.070884,0
2018-09-25 08:47:40.522156,FALSE,FALSE,0,FALSE,2018-09-25 08:47:40.522156,0
2018-09-25 19:31:08.976041,TRUE,FALSE,0,FALSE,2018-09-25 19:31:08.976041,0
2018-09-26 08:51:06.562692,FALSE,FALSE,0,FALSE,2018-09-26 08:51:06.562692,0
2018-09-26 19:36:02.091757,TRUE,FALSE,0,FALSE,2018-09-26 19:36:02.091757,0
2018-09-27 08:47:40.522156,FALSE,FALSE,0,FALSE,2018-09-27 08:47:40.522156,0
2018-09-27 19:31:08.976041,TRUE,FALSE,0,FALSE,2018-09-27 19:31:08.976041,0
2018-09-28 08:39:09.239506,FALSE,FALSE,0,FALSE,2018-09-28 08:39:09.239506,0
2018-09-28 19:40:10.760494,TRUE,FALSE,0,FALSE,2018-09-28 19:40:10.760494,0
2018-09-29 08:54:37.106528,FALSE,FALSE,0,FALSE,2018-09-29 08:54:37.106528,0
2018-09-29 19:33:36.070884,TRUE,FALSE,0,FALSE,2018-09-29 19:33:36.070884,0
2018-09-30 08:57:40.522156,FALSE,FALSE,0,FALSE,2018-09-30 08:57:40.522156,0
2018-09-30 19:28:36.070884,TRUE,FALSE,0,FALSE,2018-09-30 19:28:36.070884,0
2018-10-01 08:46:25.172064,FALSE,FALSE,0,FALSE,2018-10-01 08:46:25.172064,0
2018-10-01 19:32:46.515811,TRUE,FALSE,0,FALSE,2018-10-01 19:32:46.515811,0
2018-10-02 08:42:40.522156,FALSE,FALSE,0,FALSE,2018-10-02 08:42:40.522156,0
2018-10-02 19:30:09.630973,TRUE,FALSE,0,FALSE,2018-10-02 19:30:09.630973,0
2018-10-03 08:50:44.929116,FALSE,FALSE,0,FALSE,2018-10-03 08:50:44.929116,0
2018-10-03 19:31:40.477844,TRUE,FALSE,0,FALSE,2018-10-03 19:31:40.477844,0
2018-10-04 08:55:44.929116,FALSE,FALSE,0,FALSE,2018-10-04 08:55:44.929116,0
2018-10-04 19:11:40.477844,TRUE,FALSE,0,FALSE,2018-10-04 19:11:40.477844,0
2018-10-05 09:00:44.929116,FALSE,FALSE,0,FALSE,2018-10-05 09:00:44.929116,0
2018-10-05 19:25:10.630973,TRUE,FALSE,0,FALSE,2018-10-05 19:25:10.630973,0
2018-10-06 08:58:12.023959,FALSE,FALSE,0,FALSE,2018-10-06 08:58:12.023959,0
2018-10-06 19:19:53.212972,TRUE,FALSE,0,FALSE,2018-10-06 19:19:53.212972,0
2018-10-07 08:54:28.787028,FALSE,FALSE,0,FALSE,2018-10-07 08:54:28.787028,0
2018-10-07 19:09:43.893472,TRUE,FALSE,0,FALSE,2018-10-07 19:09:43.893472,0
2018-10-08 08:54:10.239506,FALSE,FALSE,0,FALSE,2018-10-08 08:54:10.239506,0
2018-10-08 19:21:40.477844,TRUE,FALSE,0,FALSE,2018-10-08 19:21:40.477844,0
2018-10-09 08:56:07.562692,FALSE,FALSE,0,FALSE,2018-10-09 08:56:07.562692,0
2018-10-09 19:23:37.070884,TRUE,FALSE,0,FALSE,2018-10-09 19:23:37.070884,0
2018-10-10 09:02:41.522156,FALSE,FALSE,0,FALSE,2018-10-10 09:02:41.522156,0
2018-10-10 19:06:03.091757,TRUE,FALSE,0,FALSE,2018-10-10 19:06:03.091757,0
2018-10-11 09:05:44.929116,FALSE,FALSE,0,FALSE,2018-10-11 09:05:44.929116,0
2018-10-11 19:04:43.893472,TRUE,FALSE,0,FALSE,2018-10-11 19:04:43.893472,0
2018-10-12 08:57:41.522156,FALSE,FALSE,0,FALSE,2018-10-12 08:57:41.522156,0
2018-10-12 19:04:43.893472,TRUE,FALSE,0,FALSE,2018-10-12 19:04:43.893472,0
2018-10-13 09:06:19.109899,FALSE,FALSE,0,FALSE,2018-10-13 09:06:19.109899,0
2018-10-13 19:12:55.827936,TRUE,FALSE,0,FALSE,2018-10-13 19:12:55.827936,0
2018-10-14 09:06:19.109899,FALSE,FALSE,0,FALSE,2018-10-14 09:06:19.109899,0
2018-10-14 19:09:43.893472,TRUE,FALSE,0,FALSE,2018-10-14 19:09:43.893472,0
2018-10-15 08:54:10.239506,FALSE,FALSE,0,FALSE,2018-10-15 08:54:10.239506,0
2018-10-15 19:13:37.070884,TRUE,FALSE,0,FALSE,2018-10-15 19:13:37.070884,0
2018-10-16 08:48:12.023959,FALSE,FALSE,0,FALSE,2018-10-16 08:48:12.023959,0
2018-10-16 19:15:11.760494,TRUE,FALSE,0,FALSE,2018-10-16 19:15:11.760494,0
2018-10-17 09:02:41.522156,FALSE,FALSE,0,FALSE,2018-10-17 09:02:41.522156,0
2018-10-17 19:13:37.070884,TRUE,FALSE,0,FALSE,2018-10-17 19:13:37.070884,0
2018-10-18 08:59:38.106528,FALSE,FALSE,0,FALSE,2018-10-18 08:59:38.106528,0
2018-10-18 18:56:40.477844,TRUE,FALSE,0,FALSE,2018-10-18 18:56:40.477844,0
2018-10-19 09:01:39.286551,FALSE,FALSE,0,FALSE,2018-10-19 09:01:39.286551,0
2018-10-19 19:39:43.893472,TRUE,FALSE,0,FALSE,2018-10-19 19:39:43.893472,0
2018-10-20 09:09:38.106528,FALSE,FALSE,0,FALSE,2018-10-20 09:09:38.106528,0
2018-10-20 19:13:37.070884,TRUE,FALSE,0,FALSE,2018-10-20 19:13:37.070884,0
2018-10-21 09:09:59.783329,FALSE,FALSE,0,FALSE,2018-10-21 09:09:59.783329,0
2018-10-21 18:55:40.48014,TRUE,FALSE,0,FALSE,2018-10-21 18:55:40.48014,0
2018-10-22 09:17:42.522156,FALSE,FALSE,0,FALSE,2018-10-22 09:17:42.522156,0
2018-10-22 18:51:41.477844,TRUE,FALSE,0,FALSE,2018-10-22 18:51:41.477844,0
2018-10-23 09:11:27.172064,FALSE,FALSE,0,FALSE,2018-10-23 09:11:27.172064,0
2018-10-23 18:59:44.893472,TRUE,FALSE,0,FALSE,2018-10-23 18:59:44.893472,0
2018-10-24 09:22:42.522156,FALSE,FALSE,0,FALSE,2018-10-24 09:22:42.522156,0
2018-10-24 18:51:04.091757,TRUE,FALSE,0,FALSE,2018-10-24 18:51:04.091757,0
2018-10-25 09:14:11.239506,FALSE,FALSE,0,FALSE,2018-10-25 09:14:11.239506,0
2018-10-25 18:56:41.477844,TRUE,FALSE,0,FALSE,2018-10-25 18:56:41.477844,0
2018-10-26 09:13:13.023959,FALSE,FALSE,0,FALSE,2018-10-26 09:13:13.023959,0
2018-10-26 19:00:12.760494,TRUE,FALSE,0,FALSE,2018-10-26 19:00:12.760494,0
2018-10-27 09:14:39.106528,FALSE,FALSE,0,FALSE,2018-10-27 09:14:39.106528,0
2018-10-27 18:53:38.070884,TRUE,FALSE,0,FALSE,2018-10-27 18:53:38.070884,0
2018-10-28 09:17:42.522156,FALSE,FALSE,0,FALSE,2018-10-28 09:17:42.522156,0
2018-10-28 18:53:15.437308,TRUE,FALSE,0,FALSE,2018-10-28 18:53:15.437308,0
2018-10-29 09:23:19.908243,FALSE,FALSE,0,FALSE,2018-10-29 09:23:19.908243,0
2018-10-29 18:51:10.976041,TRUE,FALSE,0,FALSE,2018-10-29 18:51:10.976041,0
2018-10-30 09:18:13.023959,FALSE,FALSE,0,FALSE,2018-10-30 09:18:13.023959,0
2018-10-30 18:53:15.437308,TRUE,FALSE,0,FALSE,2018-10-30 18:53:15.437308,0
2018-10-31 09:15:45.929116,FALSE,FALSE,0,FALSE,2018-10-31 09:15:45.929116,0
2018-10-31 18:49:44.893472,TRUE,FALSE,0,FALSE,2018-10-31 18:49:44.893472,0
2018-11-01 09:09:41.223665,FALSE,FALSE,0,FALSE,2018-11-01 09:09:41.223665,0
2018-11-01 18:46:41.477844,TRUE,FALSE,0,FALSE,2018-11-01 18:46:41.477844,0
2018-11-02 09:23:13.023959,FALSE,FALSE,0,FALSE,2018-11-02 09:23:13.023959,0
2018-11-02 19:08:44.78287,TRUE,FALSE,0,FALSE,2018-11-02 19:08:44.78287,0
2018-11-03 09:32:42.522156,FALSE,FALSE,0,FALSE,2018-11-03 09:32:42.522156,0
2018-11-03 18:41:41.477844,TRUE,FALSE,0,FALSE,2018-11-03 18:41:41.477844,0
2018-11-04 09:24:11.239506,FALSE,FALSE,0,FALSE,2018-11-04 09:24:11.239506,0
2018-11-04 19:04:47.767435,TRUE,FALSE,0,FALSE,2018-11-04 19:04:47.767435,0
2018-11-05 09:24:39.106528,FALSE,FALSE,0,FALSE,2018-11-05 09:24:39.106528,0
2018-11-05 18:46:41.477844,TRUE,FALSE,0,FALSE,2018-11-05 18:46:41.477844,0
2018-11-06 09:33:13.023959,FALSE,FALSE,0,FALSE,2018-11-06 09:33:13.023959,0
2018-11-06 18:46:04.091757,TRUE,FALSE,0,FALSE,2018-11-06 18:46:04.091757,0
2018-11-07 09:21:08.562692,FALSE,FALSE,0,FALSE,2018-11-07 09:21:08.562692,0
2018-11-07 18:31:10.976041,TRUE,FALSE,0,FALSE,2018-11-07 18:31:10.976041,0
2018-11-08 09:22:42.522156,FALSE,FALSE,0,FALSE,2018-11-08 09:22:42.522156,0
2018-11-08 18:36:42.477844,TRUE,FALSE,0,FALSE,2018-11-08 18:36:42.477844,0
2018-11-09 09:33:14.023959,FALSE,FALSE,0,FALSE,2018-11-09 09:33:14.023959,0
2018-11-09 18:30:13.760494,TRUE,FALSE,0,FALSE,2018-11-09 18:30:13.760494,0
2018-11-10 09:42:43.522156,FALSE,FALSE,0,FALSE,2018-11-10 09:42:43.522156,0
2018-11-10 18:36:42.477844,TRUE,FALSE,0,FALSE,2018-11-10 18:36:42.477844,0
2018-11-11 09:37:43.522156,FALSE,FALSE,0,FALSE,2018-11-11 09:37:43.522156,0
2018-11-11 18:29:45.893472,TRUE,FALSE,0,FALSE,2018-11-11 18:29:45.893472,0
2018-11-12 09:25:46.929116,FALSE,FALSE,0,FALSE,2018-11-12 09:25:46.929116,0
2018-11-12 18:38:39.070884,TRUE,FALSE,0,FALSE,2018-11-12 18:38:39.070884,0
2018-11-13 09:32:43.522156,FALSE,FALSE,0,FALSE,2018-11-13 09:32:43.522156,0
2018-11-13 18:43:39.070884,TRUE,FALSE,0,FALSE,2018-11-13 18:43:39.070884,0
2018-11-14 09:30:46.929116,FALSE,FALSE,0,FALSE,2018-11-14 09:30:46.929116,0
2018-11-14 18:26:42.477844,TRUE,FALSE,0,FALSE,2018-11-14 18:26:42.477844,0
2018-11-15 09:48:14.023959,FALSE,FALSE,0,FALSE,2018-11-15 09:48:14.023959,0
2018-11-15 18:24:43.776335,TRUE,FALSE,0,FALSE,2018-11-15 18:24:43.776335,0
2018-11-16 09:39:40.106528,FALSE,FALSE,0,FALSE,2018-11-16 09:39:40.106528,0
2018-11-16 18:21:42.477844,TRUE,FALSE,0,FALSE,2018-11-16 18:21:42.477844,0
2018-11-17 09:49:40.106528,FALSE,FALSE,0,FALSE,2018-11-17 09:49:40.106528,0
2018-11-17 18:24:45.893472,TRUE,FALSE,0,FALSE,2018-11-17 18:24:45.893472,0
2018-11-18 09:50:46.929116,FALSE,FALSE,0,FALSE,2018-11-18 09:50:46.929116,0
2018-11-18 18:21:42.477844,TRUE,FALSE,0,FALSE,2018-11-18 18:21:42.477844,0
2018-11-19 09:39:13.369027,FALSE,FALSE,0,FALSE,2018-11-19 09:39:13.369027,0
2018-11-19 18:29:45.893472,TRUE,FALSE,0,FALSE,2018-11-19 18:29:45.893472,0
2018-11-20 09:39:40.106528,FALSE,FALSE,0,FALSE,2018-11-20 09:39:40.106528,0
2018-11-20 18:38:39.070884,TRUE,FALSE,0,FALSE,2018-11-20 18:38:39.070884,0
2018-11-21 09:32:43.522156,FALSE,FALSE,0,FALSE,2018-11-21 09:32:43.522156,0
2018-11-21 18:28:16.437308,TRUE,FALSE,0,FALSE,2018-11-21 18:28:16.437308,0
2018-11-22 09:33:14.023959,FALSE,FALSE,0,FALSE,2018-11-22 09:33:14.023959,0
2018-11-22 18:38:04.890101,TRUE,FALSE,0,FALSE,2018-11-22 18:38:04.890101,0
2018-11-23 09:47:43.522156,FALSE,FALSE,0,FALSE,2018-11-23 09:47:43.522156,0
2018-11-23 18:39:45.893472,TRUE,FALSE,0,FALSE,2018-11-23 18:39:45.893472,0
2018-11-24 09:57:43.522156,FALSE,FALSE,0,FALSE,2018-11-24 09:57:43.522156,0
2018-11-24 18:21:42.477844,TRUE,FALSE,0,FALSE,2018-11-24 18:21:42.477844,0
2018-11-25 09:51:28.172064,FALSE,FALSE,0,FALSE,2018-11-25 09:51:28.172064,0
2018-11-25 18:24:45.893472,TRUE,FALSE,0,FALSE,2018-11-25 18:24:45.893472,0
2018-11-26 09:45:46.929116,FALSE,FALSE,0,FALSE,2018-11-26 09:45:46.929116,0
2018-11-26 18:19:46.893472,TRUE,FALSE,0,FALSE,2018-11-26 18:19:46.893472,0
2018-11-27 09:44:13.239506,FALSE,FALSE,0,FALSE,2018-11-27 09:44:13.239506,0
2018-11-27 18:18:17.437308,TRUE,FALSE,0,FALSE,2018-11-27 18:18:17.437308,0
2018-11-28 09:58:21.908243,FALSE,FALSE,0,FALSE,2018-11-28 09:58:21.908243,0
2018-11-28 18:29:46.893472,TRUE,FALSE,0,FALSE,2018-11-28 18:29:46.893472,0
2018-11-29 09:54:41.106528,FALSE,FALSE,0,FALSE,2018-11-29 09:54:41.106528,0
2018-11-29 18:18:17.437308,TRUE,FALSE,0,FALSE,2018-11-29 18:18:17.437308,0
2018-11-30 09:49:41.106528,FALSE,FALSE,0,FALSE,2018-11-30 09:49:41.106528,0
2018-11-30 18:11:43.477844,TRUE,FALSE,0,FALSE,2018-11-30 18:11:43.477844,0
2018-12-01 09:45:47.929116,FALSE,FALSE,0,FALSE,2018-12-01 09:45:47.929116,0
2018-12-01 18:45:25.954447,TRUE,FALSE,0,FALSE,2018-12-01 18:45:25.954447,0
2018-12-02 10:02:44.522156,FALSE,FALSE,0,FALSE,2018-12-02 10:02:44.522156,0
2018-12-02 18:26:06.091757,TRUE,FALSE,0,FALSE,2018-12-02 18:26:06.091757,0
2018-12-03 09:56:22.109899,FALSE,FALSE,0,FALSE,2018-12-03 09:56:22.109899,0
2018-12-03 18:30:42.48014,TRUE,FALSE,0,FALSE,2018-12-03 18:30:42.48014,0
2018-12-04 10:00:47.929116,FALSE,FALSE,0,FALSE,2018-12-04 10:00:47.929116,0
2018-12-04 18:09:46.893472,TRUE,FALSE,0,FALSE,2018-12-04 18:09:46.893472,0
2018-12-05 10:12:44.522156,FALSE,FALSE,0,FALSE,2018-12-05 10:12:44.522156,0
2018-12-05 18:09:46.893472,TRUE,FALSE,0,FALSE,2018-12-05 18:09:46.893472,0
2018-12-06 10:04:41.106528,FALSE,FALSE,0,FALSE,2018-12-06 10:04:41.106528,0
2018-12-06 18:19:46.893472,TRUE,FALSE,0,FALSE,2018-12-06 18:19:46.893472,0
2018-12-07 09:52:44.522156,FALSE,FALSE,0,FALSE,2018-12-07 09:52:44.522156,0
2018-12-07 18:28:40.070884,TRUE,FALSE,0,FALSE,2018-12-07 18:28:40.070884,0
2018-12-08 09:57:44.522156,FALSE,FALSE,0,FALSE,2018-12-08 09:57:44.522156,0
2018-12-08 18:26:43.477844,TRUE,FALSE,0,FALSE,2018-12-08 18:26:43.477844,0
2018-12-09 10:04:41.106528,FALSE,FALSE,0,FALSE,2018-12-09 10:04:41.106528,0
2018-12-09 18:25:14.760494,TRUE,FALSE,0,FALSE,2018-12-09 18:25:14.760494,0
2018-12-10 10:10:47.929116,FALSE,FALSE,0,FALSE,2018-12-10 10:10:47.929116,0
2018-12-10 18:11:43.477844,TRUE,FALSE,0,FALSE,2018-12-10 18:11:43.477844,0
2018-12-11 10:09:13.239506,FALSE,FALSE,0,FALSE,2018-12-11 10:09:13.239506,0
2018-12-11 18:27:41.316989,TRUE,FALSE,0,FALSE,2018-12-11 18:27:41.316989,0
2018-12-12 10:03:21.908243,FALSE,FALSE,0,FALSE,2018-12-12 10:03:21.908243,0
2018-12-12 18:31:43.477844,TRUE,FALSE,0,FALSE,2018-12-12 18:31:43.477844,0
2018-12-13 09:58:15.023959,FALSE,FALSE,0,FALSE,2018-12-13 09:58:15.023959,0
2018-12-13 18:28:17.437308,TRUE,FALSE,0,FALSE,2018-12-13 18:28:17.437308,0
2018-12-14 10:02:44.522156,FALSE,FALSE,0,FALSE,2018-12-14 10:02:44.522156,0
2018-12-14 18:26:06.091757,TRUE,FALSE,0,FALSE,2018-12-14 18:26:06.091757,0
2018-12-15 10:17:45.522156,FALSE,FALSE,0,FALSE,2018-12-15 10:17:45.522156,0
2018-12-15 18:19:47.893472,TRUE,FALSE,0,FALSE,2018-12-15 18:19:47.893472,0
2018-12-16 10:13:46.51986,FALSE,FALSE,0,FALSE,2018-12-16 10:13:46.51986,0
2018-12-16 18:18:18.437308,TRUE,FALSE,0,FALSE,2018-12-16 18:18:18.437308,0
2018-12-17 10:08:16.023959,FALSE,FALSE,0,FALSE,2018-12-17 10:08:16.023959,0
2018-12-17 18:24:47.893472,TRUE,FALSE,0,FALSE,2018-12-17 18:24:47.893472,0
2018-12-18 09:51:41.161734,FALSE,FALSE,0,FALSE,2018-12-18 09:51:41.161734,0
2018-12-18 18:26:13.976041,TRUE,FALSE,0,FALSE,2018-12-18 18:26:13.976041,0
2018-12-19 10:14:03.045553,FALSE,FALSE,0,FALSE,2018-12-19 10:14:03.045553,0
2018-12-19 18:16:44.477844,TRUE,FALSE,0,FALSE,2018-12-19 18:16:44.477844,0
2018-12-20 09:58:46.51986,FALSE,FALSE,0,FALSE,2018-12-20 09:58:46.51986,0
2018-12-20 18:21:44.477844,TRUE,FALSE,0,FALSE,2018-12-20 18:21:44.477844,0
2018-12-21 10:14:42.106528,FALSE,FALSE,0,FALSE,2018-12-21 10:14:42.106528,0
2018-12-21 18:11:44.477844,TRUE,FALSE,0,FALSE,2018-12-21 18:11:44.477844,0
2018-12-22 10:17:45.522156,FALSE,FALSE,0,FALSE,2018-12-22 10:17:45.522156,0
2018-12-22 18:09:47.893472,TRUE,FALSE,0,FALSE,2018-12-22 18:09:47.893472,0
2018-12-23 10:22:45.522156,FALSE,FALSE,0,FALSE,2018-12-23 10:22:45.522156,0
2018-12-23 18:11:13.976041,TRUE,FALSE,0,FALSE,2018-12-23 18:11:13.976041,0
2018-12-24 10:22:45.522156,FALSE,FALSE,0,FALSE,2018-12-24 10:22:45.522156,0
2018-12-24 18:33:06.890101,TRUE,FALSE,0,FALSE,2018-12-24 18:33:06.890101,0
2018-12-25 10:14:42.106528,FALSE,FALSE,0,FALSE,2018-12-25 10:14:42.106528,0
2018-12-25 18:40:15.760494,TRUE,FALSE,0,FALSE,2018-12-25 18:40:15.760494,0
2018-12-26 10:16:11.562692,FALSE,FALSE,0,FALSE,2018-12-26 10:16:11.562692,0
2018-12-26 18:36:44.477844,TRUE,FALSE,0,FALSE,2018-12-26 18:36:44.477844,0
2018-12-27 10:08:22.908243,FALSE,FALSE,0,FALSE,2018-12-27 10:08:22.908243,0
2018-12-27 18:41:07.091757,TRUE,FALSE,0,FALSE,2018-12-27 18:41:07.091757,0
2018-12-28 10:04:42.106528,FALSE,FALSE,0,FALSE,2018-12-28 10:04:42.106528,0
2018-12-28 18:41:13.976041,TRUE,FALSE,0,FALSE,2018-12-28 18:41:13.976041,0
2018-12-29 10:03:16.023959,FALSE,FALSE,0,FALSE,2018-12-29 10:03:16.023959,0
2018-12-29 18:41:13.976041,TRUE,FALSE,0,FALSE,2018-12-29 18:41:13.976041,0
2018-12-30 10:09:42.106528,FALSE,FALSE,0,FALSE,2018-12-30 10:09:42.106528,0
2018-12-30 18:33:18.437308,TRUE,FALSE,0,FALSE,2018-12-30 18:33:18.437308,0
2018-12-31 10:21:30.172064,FALSE,FALSE,0,FALSE,2018-12-31 10:21:30.172064,0
2018-12-31 18:23:41.070884,TRUE,FALSE,0,FALSE,2018-12-31 18:23:41.070884,0
2019-01-01 10:19:42.106528,FALSE,FALSE,0,FALSE,2019-01-01 10:19:42.106528,0
2019-01-01 18:36:13.976041,TRUE,FALSE,0,FALSE,2019-01-01 18:36:13.976041,0
2019-01-02 10:18:17.023959,FALSE,FALSE,0,FALSE,2019-01-02 10:18:17.023959,0
2019-01-02 18:34:48.893472,TRUE,FALSE,0,FALSE,2019-01-02 18:34:48.893472,0
2019-01-03 10:21:39.484189,FALSE,FALSE,0,FALSE,2019-01-03 10:21:39.484189,0
2019-01-03 18:23:07.890101,TRUE,FALSE,0,FALSE,2019-01-03 18:23:07.890101,0
2019-01-04 10:13:17.023959,FALSE,FALSE,0,FALSE,2019-01-04 10:13:17.023959,0
2019-01-04 18:36:14.976041,TRUE,FALSE,0,FALSE,2019-01-04 18:36:14.976041,0
2019-01-05 10:25:49.929116,FALSE,FALSE,0,FALSE,2019-01-05 10:25:49.929116,0
2019-01-05 18:26:08.091757,TRUE,FALSE,0,FALSE,2019-01-05 18:26:08.091757,0
2019-01-06 10:22:46.522156,FALSE,FALSE,0,FALSE,2019-01-06 10:22:46.522156,0
2019-01-06 18:33:42.070884,TRUE,FALSE,0,FALSE,2019-01-06 18:33:42.070884,0
2019-01-07 10:18:17.023959,FALSE,FALSE,0,FALSE,2019-01-07 10:18:17.023959,0
2019-01-07 18:36:45.477844,TRUE,FALSE,0,FALSE,2019-01-07 18:36:45.477844,0
2019-01-08 10:20:49.929116,FALSE,FALSE,0,FALSE,2019-01-08 10:20:49.929116,0
2019-01-08 18:41:14.976041,TRUE,FALSE,0,FALSE,2019-01-08 18:41:14.976041,0
2019-01-09 10:17:46.522156,FALSE,FALSE,0,FALSE,2019-01-09 10:17:46.522156,0
2019-01-09 18:36:14.976041,TRUE,FALSE,0,FALSE,2019-01-09 18:36:14.976041,0
