"Twilight","Rise","Deleted","Marker","Inserted"
2018-11-30 10:46:26.108021,FALSE,FALSE,0,FALSE
2018-11-30 21:53:47.111544,TRUE,FALSE,0,FALSE
2018-12-01 10:43:30.615297,FALSE,FALSE,0,FALSE
2018-12-01 21:58:41.384703,TRUE,FALSE,0,FALSE
2018-12-02 10:51:36.942861,FALSE,FALSE,0,FALSE
2018-12-02 21:51:48.634098,TRUE,FALSE,0,FALSE
2018-12-03 10:49:40.031061,FALSE,FALSE,0,FALSE
2018-12-03 22:04:18.440013,TRUE,FALSE,0,FALSE
2018-12-04 10:48:46.076977,FALSE,FALSE,0,FALSE
2018-12-04 22:04:24.785502,TRUE,FALSE,0,FALSE
2018-12-05 10:50:08.231654,FALSE,FALSE,0,FALSE
2018-12-05 22:01:34.494712,TRUE,FALSE,0,FALSE
2018-12-06 10:49:40.313857,FALSE,FALSE,0,FALSE
2018-12-06 21:57:16.307205,TRUE,FALSE,0,FALSE
2018-12-07 10:50:20.469776,FALSE,FALSE,0,FALSE
2018-12-07 21:56:49.634098,TRUE,FALSE,0,FALSE
2018-12-08 10:44:28.969963,FALSE,FALSE,0,FALSE
2018-12-08 22:00:36.057139,TRUE,FALSE,0,FALSE
2018-12-09 10:51:37.942861,FALSE,FALSE,0,FALSE
2018-12-09 21:55:32.632494,TRUE,FALSE,0,FALSE
2018-12-10 10:51:41.367506,FALSE,FALSE,0,FALSE
2018-12-10 22:05:32.632494,TRUE,FALSE,0,FALSE
2018-12-11 10:46:28.108021,FALSE,FALSE,0,FALSE
2018-12-11 22:06:28.085189,TRUE,FALSE,0,FALSE
2018-12-12 10:42:09.721636,FALSE,FALSE,0,FALSE
2018-12-12 22:02:17.307205,TRUE,FALSE,0,FALSE
2018-12-13 10:47:20.308223,FALSE,FALSE,0,FALSE
2018-12-13 22:00:33.632494,TRUE,FALSE,0,FALSE
2018-12-14 10:50:16.332559,FALSE,FALSE,0,FALSE
2018-12-14 22:03:09.074629,TRUE,FALSE,0,FALSE
2018-12-15 10:43:55.192166,FALSE,FALSE,0,FALSE
2018-12-15 22:05:55.315867,TRUE,FALSE,0,FALSE
2018-12-16 10:49:21.535101,FALSE,FALSE,0,FALSE
2018-12-16 22:04:13.153201,TRUE,FALSE,0,FALSE
2018-12-17 10:47:09.721636,FALSE,FALSE,0,FALSE
2018-12-17 22:07:17.307205,TRUE,FALSE,0,FALSE
2018-12-18 10:52:25.466715,FALSE,FALSE,0,FALSE
2018-12-18 22:09:21.440013,TRUE,FALSE,0,FALSE
2018-12-19 10:53:56.192166,FALSE,FALSE,0,FALSE
2018-12-19 22:07:00.667441,TRUE,FALSE,0,FALSE
2018-12-20 10:49:07.925371,FALSE,FALSE,0,FALSE
2018-12-20 22:13:10.074629,TRUE,FALSE,0,FALSE
2018-12-21 10:45:17.332559,FALSE,FALSE,0,FALSE
2018-12-21 22:07:35.686143,TRUE,FALSE,0,FALSE
2018-12-22 10:53:33.615297,FALSE,FALSE,0,FALSE
2018-12-22 22:13:10.074629,TRUE,FALSE,0,FALSE
2018-12-23 10:41:43.367506,FALSE,FALSE,0,FALSE
2018-12-23 22:16:01.220737,TRUE,FALSE,0,FALSE
2018-12-24 10:50:10.231654,FALSE,FALSE,0,FALSE
2018-12-24 22:07:08.768346,TRUE,FALSE,0,FALSE
2018-12-25 10:54:23.535101,FALSE,FALSE,0,FALSE
2018-12-25 22:13:11.074629,TRUE,FALSE,0,FALSE
2018-12-26 10:54:43.313857,FALSE,FALSE,0,FALSE
2018-12-26 22:20:49.891979,TRUE,FALSE,0,FALSE
2018-12-27 10:52:26.466715,FALSE,FALSE,0,FALSE
2018-12-27 22:12:08.768346,TRUE,FALSE,0,FALSE
2018-12-28 10:56:30.108021,FALSE,FALSE,0,FALSE
2018-12-28 22:09:22.440013,TRUE,FALSE,0,FALSE
2018-12-29 10:55:11.231654,FALSE,FALSE,0,FALSE
2018-12-29 22:14:06.569917,TRUE,FALSE,0,FALSE
2018-12-30 10:57:57.559987,FALSE,FALSE,0,FALSE
2018-12-30 22:08:22.807834,TRUE,FALSE,0,FALSE
2018-12-31 10:52:27.466715,FALSE,FALSE,0,FALSE
2018-12-31 22:15:58.315867,TRUE,FALSE,0,FALSE
2019-01-01 10:47:22.055495,FALSE,FALSE,0,FALSE
2019-01-01 22:14:54.533285,TRUE,FALSE,0,FALSE
2019-01-02 10:55:19.332559,FALSE,FALSE,0,FALSE
2019-01-02 22:14:54.533285,TRUE,FALSE,0,FALSE
2019-01-03 10:51:31.108021,FALSE,FALSE,0,FALSE
2019-01-03 22:13:12.074629,TRUE,FALSE,0,FALSE
2019-01-04 10:56:45.367506,FALSE,FALSE,0,FALSE
2019-01-04 22:25:36.632494,TRUE,FALSE,0,FALSE
2019-01-05 10:57:27.466715,FALSE,FALSE,0,FALSE
2019-01-05 22:10:50.891979,TRUE,FALSE,0,FALSE
2019-01-06 11:03:35.615297,FALSE,FALSE,0,FALSE
2019-01-06 22:13:12.074629,TRUE,FALSE,0,FALSE
2019-01-07 11:02:59.559987,FALSE,FALSE,0,FALSE
2019-01-07 22:12:38.686143,TRUE,FALSE,0,FALSE
2019-01-08 10:58:59.192166,FALSE,FALSE,0,FALSE
2019-01-08 22:14:55.533285,TRUE,FALSE,0,FALSE
2019-01-09 10:56:46.367506,FALSE,FALSE,0,FALSE
2019-01-09 22:22:38.686143,TRUE,FALSE,0,FALSE
2019-01-10 11:05:02.692795,FALSE,FALSE,0,FALSE
2019-01-10 22:15:37.632494,TRUE,FALSE,0,FALSE
2019-01-11 11:03:36.615297,FALSE,FALSE,0,FALSE
2019-01-11 22:18:13.074629,TRUE,FALSE,0,FALSE
2019-01-12 11:01:46.367506,FALSE,FALSE,0,FALSE
2019-01-12 22:19:55.533285,TRUE,FALSE,0,FALSE
2019-01-13 10:47:28.466715,FALSE,FALSE,0,FALSE
2019-01-13 22:31:00.315867,TRUE,FALSE,0,FALSE
2019-01-14 10:59:11.925371,FALSE,FALSE,0,FALSE
2019-01-14 22:24:25.440013,TRUE,FALSE,0,FALSE
2019-01-15 10:58:37.615297,FALSE,FALSE,0,FALSE
2019-01-15 22:23:48.384703,TRUE,FALSE,0,FALSE
2019-01-16 10:56:47.367506,FALSE,FALSE,0,FALSE
2019-01-16 22:32:39.686143,TRUE,FALSE,0,FALSE
2019-01-17 10:48:00.559987,FALSE,FALSE,0,FALSE
2019-01-17 22:27:51.030037,TRUE,FALSE,0,FALSE
2019-01-18 11:00:26.469776,FALSE,FALSE,0,FALSE
2019-01-18 22:20:38.632494,TRUE,FALSE,0,FALSE
2019-01-19 11:00:03.692795,FALSE,FALSE,0,FALSE
2019-01-19 22:29:56.533285,TRUE,FALSE,0,FALSE
2019-01-20 10:56:47.367506,FALSE,FALSE,0,FALSE
2019-01-20 22:34:57.533285,TRUE,FALSE,0,FALSE
2019-01-21 11:01:26.684133,FALSE,FALSE,0,FALSE
2019-01-21 22:32:23.307205,TRUE,FALSE,0,FALSE
2019-01-22 10:53:01.559987,FALSE,FALSE,0,FALSE
2019-01-22 22:29:26.440013,TRUE,FALSE,0,FALSE
2019-01-23 11:01:48.367506,FALSE,FALSE,0,FALSE
2019-01-23 22:26:51.080605,TRUE,FALSE,0,FALSE
2019-01-24 11:07:57.888088,FALSE,FALSE,0,FALSE
2019-01-24 22:26:47.288034,TRUE,FALSE,0,FALSE
2019-01-25 11:01:26.684133,FALSE,FALSE,0,FALSE
2019-01-25 22:17:12.768346,TRUE,FALSE,0,FALSE
2019-01-26 11:10:04.692795,FALSE,FALSE,0,FALSE
2019-01-26 22:20:02.944505,TRUE,FALSE,0,FALSE
2019-01-27 11:09:13.925371,FALSE,FALSE,0,FALSE
2019-01-27 22:23:27.807834,TRUE,FALSE,0,FALSE
2019-01-28 11:05:23.332559,FALSE,FALSE,0,FALSE
2019-01-28 22:27:24.307205,TRUE,FALSE,0,FALSE
2019-01-29 11:06:35.108021,FALSE,FALSE,0,FALSE
2019-01-29 22:20:03.944505,TRUE,FALSE,0,FALSE
2019-01-30 11:07:31.466715,FALSE,FALSE,0,FALSE
2019-01-30 22:30:40.632494,TRUE,FALSE,0,FALSE
2019-01-31 11:04:13.925371,FALSE,FALSE,0,FALSE
2019-01-31 22:34:58.533285,TRUE,FALSE,0,FALSE
2019-02-01 11:06:49.367506,FALSE,FALSE,0,FALSE
2019-02-01 22:24:58.533285,TRUE,FALSE,0,FALSE
2019-02-02 11:08:39.615297,FALSE,FALSE,0,FALSE
2019-02-02 22:25:26.949005,TRUE,FALSE,0,FALSE
2019-02-03 11:04:49.313857,FALSE,FALSE,0,FALSE
2019-02-03 22:30:55.891979,TRUE,FALSE,0,FALSE
2019-02-04 10:45:06.692795,FALSE,FALSE,0,FALSE
2019-02-04 22:32:14.768346,TRUE,FALSE,0,FALSE
2019-02-05 10:57:32.466715,FALSE,FALSE,0,FALSE
2019-02-05 22:25:55.891979,TRUE,FALSE,0,FALSE
2019-02-06 11:09:49.313857,FALSE,FALSE,0,FALSE
2019-02-06 22:28:17.074629,TRUE,FALSE,0,FALSE
2019-02-07 11:05:29.469776,FALSE,FALSE,0,FALSE
2019-02-07 22:32:25.307205,TRUE,FALSE,0,FALSE
2019-02-08 11:04:49.313857,FALSE,FALSE,0,FALSE
2019-02-08 22:33:51.384703,TRUE,FALSE,0,FALSE
2019-02-09 11:01:50.367506,FALSE,FALSE,0,FALSE
2019-02-09 22:25:28.949005,TRUE,FALSE,0,FALSE
2019-02-10 11:01:51.367506,FALSE,FALSE,0,FALSE
2019-02-10 22:32:26.307205,TRUE,FALSE,0,FALSE
2019-02-11 11:05:18.231654,FALSE,FALSE,0,FALSE
2019-02-11 22:27:03.530224,TRUE,FALSE,0,FALSE
2019-02-12 10:59:15.925371,FALSE,FALSE,0,FALSE
2019-02-12 22:36:50.288034,TRUE,FALSE,0,FALSE
2019-02-13 11:10:07.692795,FALSE,FALSE,0,FALSE
2019-02-13 22:35:42.632494,TRUE,FALSE,0,FALSE
2019-02-14 11:04:15.925371,FALSE,FALSE,0,FALSE
2019-02-14 22:27:43.686143,TRUE,FALSE,0,FALSE
2019-02-15 11:01:51.367506,FALSE,FALSE,0,FALSE
2019-02-15 22:33:18.074629,TRUE,FALSE,0,FALSE
2019-02-16 10:57:34.466715,FALSE,FALSE,0,FALSE
2019-02-16 22:31:53.022265,TRUE,FALSE,0,FALSE
2019-02-17 10:42:34.466715,FALSE,FALSE,0,FALSE
2019-02-17 22:37:27.120127,TRUE,FALSE,0,FALSE
2019-02-18 11:05:42.977735,FALSE,FALSE,0,FALSE
2019-02-18 22:22:16.768346,TRUE,FALSE,0,FALSE
2019-02-19 11:08:42.615297,FALSE,FALSE,0,FALSE
2019-02-19 22:34:30.440013,TRUE,FALSE,0,FALSE
2019-02-20 11:05:26.332559,FALSE,FALSE,0,FALSE
2019-02-20 22:35:43.632494,TRUE,FALSE,0,FALSE
2019-02-21 11:00:08.692795,FALSE,FALSE,0,FALSE
2019-02-21 23:03:19.074629,TRUE,FALSE,0,FALSE
2019-02-22 11:01:52.367506,FALSE,FALSE,0,FALSE
2019-02-22 22:26:05.315867,TRUE,FALSE,0,FALSE
2019-02-23 11:03:43.615297,FALSE,FALSE,0,FALSE
2019-02-23 22:27:01.634098,TRUE,FALSE,0,FALSE
2019-02-24 10:52:35.466715,FALSE,FALSE,0,FALSE
2019-02-24 22:28:54.384703,TRUE,FALSE,0,FALSE
2019-02-25 10:59:52.313857,FALSE,FALSE,0,FALSE
2019-02-25 22:30:44.632494,TRUE,FALSE,0,FALSE
2019-02-26 10:58:43.615297,FALSE,FALSE,0,FALSE
2019-02-26 22:35:02.533285,TRUE,FALSE,0,FALSE
2019-02-27 10:55:20.231654,FALSE,FALSE,0,FALSE
2019-02-27 22:35:02.533285,TRUE,FALSE,0,FALSE
2019-02-28 10:54:52.313857,FALSE,FALSE,0,FALSE
2019-02-28 22:39:31.440013,TRUE,FALSE,0,FALSE
2019-03-01 10:51:53.367506,FALSE,FALSE,0,FALSE
2019-03-01 22:33:21.074629,TRUE,FALSE,0,FALSE
2019-03-02 10:49:18.925371,FALSE,FALSE,0,FALSE
2019-03-02 22:35:03.533285,TRUE,FALSE,0,FALSE
2019-03-03 10:59:22.467478,FALSE,FALSE,0,FALSE
2019-03-03 22:33:21.074629,TRUE,FALSE,0,FALSE
2019-03-04 10:56:54.367506,FALSE,FALSE,0,FALSE
2019-03-04 22:32:46.686143,TRUE,FALSE,0,FALSE
2019-03-05 10:56:54.367506,FALSE,FALSE,0,FALSE
2019-03-05 23:07:46.686143,TRUE,FALSE,0,FALSE
2019-03-06 10:48:07.559987,FALSE,FALSE,0,FALSE
2019-03-06 22:40:45.632494,TRUE,FALSE,0,FALSE
2019-03-07 10:46:54.367506,FALSE,FALSE,0,FALSE
2019-03-07 22:48:21.074629,TRUE,FALSE,0,FALSE
2019-03-08 10:54:53.313857,FALSE,FALSE,0,FALSE
2019-03-08 22:28:22.074629,TRUE,FALSE,0,FALSE
2019-03-09 10:54:19.925371,FALSE,FALSE,0,FALSE
2019-03-09 22:37:47.686143,TRUE,FALSE,0,FALSE
2019-03-10 10:56:55.367506,FALSE,FALSE,0,FALSE
2019-03-10 22:32:47.686143,TRUE,FALSE,0,FALSE
2019-03-11 10:45:11.692795,FALSE,FALSE,0,FALSE
2019-03-11 23:05:04.533285,TRUE,FALSE,0,FALSE
2019-03-12 10:47:37.466715,FALSE,FALSE,0,FALSE
2019-03-12 22:50:04.533285,TRUE,FALSE,0,FALSE
2019-03-13 10:42:32.055495,FALSE,FALSE,0,FALSE
2019-03-13 22:40:04.533285,TRUE,FALSE,0,FALSE
2019-03-14 10:32:32.055495,FALSE,FALSE,0,FALSE
2019-03-14 22:38:22.074629,TRUE,FALSE,0,FALSE
2019-03-15 10:44:24.467478,FALSE,FALSE,0,FALSE
2019-03-15 23:13:23.074629,TRUE,FALSE,0,FALSE
2019-03-16 10:47:38.466715,FALSE,FALSE,0,FALSE
2019-03-16 22:30:05.533285,TRUE,FALSE,0,FALSE
2019-03-17 10:40:23.231654,FALSE,FALSE,0,FALSE
2019-03-17 22:33:57.384703,TRUE,FALSE,0,FALSE
2019-03-18 10:44:20.925371,FALSE,FALSE,0,FALSE
2019-03-18 22:40:47.632494,TRUE,FALSE,0,FALSE
2019-03-19 10:45:30.332559,FALSE,FALSE,0,FALSE
2019-03-19 22:25:10.944505,TRUE,FALSE,0,FALSE
2019-03-20 10:53:09.559987,FALSE,FALSE,0,FALSE
2019-03-20 22:23:57.384703,TRUE,FALSE,0,FALSE
2019-03-21 10:47:38.466715,FALSE,FALSE,0,FALSE
2019-03-21 22:30:48.517936,TRUE,FALSE,0,FALSE
2019-03-22 10:41:57.367506,FALSE,FALSE,0,FALSE
2019-03-22 22:24:35.440013,TRUE,FALSE,0,FALSE
2019-03-23 10:34:10.192166,FALSE,FALSE,0,FALSE
2019-03-23 22:38:24.074629,TRUE,FALSE,0,FALSE
2019-03-24 10:37:39.466715,FALSE,FALSE,0,FALSE
2019-03-24 22:35:48.632494,TRUE,FALSE,0,FALSE
2019-03-25 10:49:10.192166,FALSE,FALSE,0,FALSE
2019-03-25 22:45:06.533285,TRUE,FALSE,0,FALSE
2019-03-26 10:35:13.692795,FALSE,FALSE,0,FALSE
2019-03-26 22:35:06.533285,TRUE,FALSE,0,FALSE
2019-03-27 10:42:39.466715,FALSE,FALSE,0,FALSE
2019-03-27 22:35:06.533285,TRUE,FALSE,0,FALSE
2019-03-28 10:42:39.466715,FALSE,FALSE,0,FALSE
2019-03-28 22:12:10.530224,TRUE,FALSE,0,FALSE
2019-03-29 10:29:22.925371,FALSE,FALSE,0,FALSE
2019-03-29 22:20:07.533285,TRUE,FALSE,0,FALSE
2019-03-30 10:30:14.692795,FALSE,FALSE,0,FALSE
2019-03-30 22:00:49.632494,TRUE,FALSE,0,FALSE
2019-03-31 10:34:22.925371,FALSE,FALSE,0,FALSE
2019-03-31 22:23:25.074629,TRUE,FALSE,0,FALSE
2019-04-01 10:32:40.466715,FALSE,FALSE,0,FALSE
2019-04-01 21:57:33.307205,TRUE,FALSE,0,FALSE
2019-04-02 10:49:22.925371,FALSE,FALSE,0,FALSE
2019-04-02 21:50:49.632494,TRUE,FALSE,0,FALSE
2019-04-03 10:45:44.435829,FALSE,FALSE,0,FALSE
2019-04-03 21:50:22.278364,TRUE,FALSE,0,FALSE
2019-04-04 10:46:45.108021,FALSE,FALSE,0,FALSE
2019-04-04 21:46:55.513502,TRUE,FALSE,0,FALSE
2019-04-05 10:45:37.16014,FALSE,FALSE,0,FALSE
2019-04-05 21:57:32.54588,TRUE,FALSE,0,FALSE
2019-04-06 10:50:26.231654,FALSE,FALSE,0,FALSE
2019-04-06 21:55:50.632494,TRUE,FALSE,0,FALSE
2019-04-07 10:43:20.216505,FALSE,FALSE,0,FALSE
2019-04-07 21:44:00.384703,TRUE,FALSE,0,FALSE
2019-04-08 10:45:15.692795,FALSE,FALSE,0,FALSE
2019-04-08 21:48:26.074629,TRUE,FALSE,0,FALSE
2019-04-09 10:46:59.367506,FALSE,FALSE,0,FALSE
2019-04-09 21:45:08.533285,TRUE,FALSE,0,FALSE
2019-04-10 10:45:26.231654,FALSE,FALSE,0,FALSE
2019-04-10 21:55:08.533285,TRUE,FALSE,0,FALSE
2019-04-11 10:33:13.559987,FALSE,FALSE,0,FALSE
2019-04-11 22:08:04.030037,TRUE,FALSE,0,FALSE
2019-04-12 10:40:57.614431,FALSE,FALSE,0,FALSE
2019-04-12 21:46:13.315867,TRUE,FALSE,0,FALSE
2019-04-13 10:44:24.925371,FALSE,FALSE,0,FALSE
2019-04-13 21:40:37.949005,TRUE,FALSE,0,FALSE
2019-04-14 10:47:00.367506,FALSE,FALSE,0,FALSE
2019-04-14 21:35:51.632494,TRUE,FALSE,0,FALSE
2019-04-15 10:50:27.231654,FALSE,FALSE,0,FALSE
2019-04-15 21:45:14.944505,TRUE,FALSE,0,FALSE
2019-04-16 10:54:59.313857,FALSE,FALSE,0,FALSE
2019-04-16 21:23:38.807834,TRUE,FALSE,0,FALSE
2019-04-17 10:56:33.779263,FALSE,FALSE,0,FALSE
2019-04-17 21:20:10.533285,TRUE,FALSE,0,FALSE
2019-04-18 10:46:34.779263,FALSE,FALSE,0,FALSE
2019-04-18 21:31:19.220737,TRUE,FALSE,0,FALSE
2019-04-19 10:20:28.231654,FALSE,FALSE,0,FALSE
2019-04-19 21:30:10.533285,TRUE,FALSE,0,FALSE
2019-04-20 10:38:51.615297,FALSE,FALSE,0,FALSE
2019-04-20 21:30:52.632494,TRUE,FALSE,0,FALSE
2019-04-21 10:50:35.332559,FALSE,FALSE,0,FALSE
2019-04-21 21:26:06.891979,TRUE,FALSE,0,FALSE
2019-04-22 10:42:43.466715,FALSE,FALSE,0,FALSE
2019-04-22 21:22:25.768346,TRUE,FALSE,0,FALSE
2019-04-23 10:49:25.925371,FALSE,FALSE,0,FALSE
2019-04-23 21:22:13.530224,TRUE,FALSE,0,FALSE
2019-04-24 10:37:43.466715,FALSE,FALSE,0,FALSE
2019-04-24 21:17:54.686143,TRUE,FALSE,0,FALSE
2019-04-25 10:51:40.684133,FALSE,FALSE,0,FALSE
2019-04-25 21:17:54.686143,TRUE,FALSE,0,FALSE
2019-04-26 10:37:16.050995,FALSE,FALSE,0,FALSE
2019-04-26 21:28:29.074629,TRUE,FALSE,0,FALSE
2019-04-27 10:42:39.055495,FALSE,FALSE,0,FALSE
2019-04-27 21:26:07.891979,TRUE,FALSE,0,FALSE
2019-04-28 10:48:11.888088,FALSE,FALSE,0,FALSE
2019-04-28 21:04:03.384703,TRUE,FALSE,0,FALSE
2019-04-29 11:06:40.684133,FALSE,FALSE,0,FALSE
2019-04-29 21:05:57.057139,TRUE,FALSE,0,FALSE
2019-04-30 11:02:44.466715,FALSE,FALSE,0,FALSE
2019-04-30 20:49:40.440013,TRUE,FALSE,0,FALSE
2019-05-01 11:04:31.467478,FALSE,FALSE,0,FALSE
2019-05-01 20:48:41.807834,TRUE,FALSE,0,FALSE
2019-05-02 11:03:16.559987,FALSE,FALSE,0,FALSE
2019-05-02 20:54:05.653538,TRUE,FALSE,0,FALSE
2019-05-03 11:07:03.367506,FALSE,FALSE,0,FALSE
2019-05-03 20:48:15.464899,TRUE,FALSE,0,FALSE
2019-05-04 11:26:49.108021,FALSE,FALSE,0,FALSE
2019-05-04 20:46:16.315867,TRUE,FALSE,0,FALSE
2019-05-05 11:26:59.942861,FALSE,FALSE,0,FALSE
2019-05-05 20:44:41.440013,TRUE,FALSE,0,FALSE
2019-05-06 11:26:49.108021,FALSE,FALSE,0,FALSE
2019-05-06 20:40:16.691777,TRUE,FALSE,0,FALSE
2019-05-07 11:25:02.313857,FALSE,FALSE,0,FALSE
2019-05-07 20:41:21.220737,TRUE,FALSE,0,FALSE
2019-05-08 11:28:17.559987,FALSE,FALSE,0,FALSE
2019-05-08 20:43:16.464899,TRUE,FALSE,0,FALSE
2019-05-09 11:34:00.70206,FALSE,FALSE,0,FALSE
2019-05-09 20:38:31.074629,TRUE,FALSE,0,FALSE
2019-05-10 11:16:50.108021,FALSE,FALSE,0,FALSE
2019-05-10 20:38:31.074629,TRUE,FALSE,0,FALSE
2019-05-11 11:35:20.692795,FALSE,FALSE,0,FALSE
2019-05-11 20:35:18.944505,TRUE,FALSE,0,FALSE
2019-05-12 11:33:17.559987,FALSE,FALSE,0,FALSE
2019-05-12 20:38:31.074629,TRUE,FALSE,0,FALSE
2019-05-13 11:37:04.367506,FALSE,FALSE,0,FALSE
2019-05-13 20:31:22.220737,TRUE,FALSE,0,FALSE
2019-05-14 11:36:37.779263,FALSE,FALSE,0,FALSE
2019-05-14 20:35:56.632494,TRUE,FALSE,0,FALSE
2019-05-15 11:35:44.469776,FALSE,FALSE,0,FALSE
2019-05-15 20:34:43.440013,TRUE,FALSE,0,FALSE
2019-05-16 11:37:01.942861,FALSE,FALSE,0,FALSE
2019-05-16 20:36:18.315867,TRUE,FALSE,0,FALSE
2019-05-17 11:48:18.559987,FALSE,FALSE,0,FALSE
2019-05-17 20:26:10.891979,TRUE,FALSE,0,FALSE
2019-05-18 11:42:47.466715,FALSE,FALSE,0,FALSE
2019-05-18 20:30:42.783673,TRUE,FALSE,0,FALSE
2019-05-19 11:47:47.466715,FALSE,FALSE,0,FALSE
2019-05-19 20:25:56.632494,TRUE,FALSE,0,FALSE
2019-05-20 11:39:29.925371,FALSE,FALSE,0,FALSE
2019-05-20 20:25:19.944505,TRUE,FALSE,0,FALSE
2019-05-21 11:42:48.466715,FALSE,FALSE,0,FALSE
2019-05-21 20:23:33.074629,TRUE,FALSE,0,FALSE
2019-05-22 11:52:06.367506,FALSE,FALSE,0,FALSE
2019-05-22 20:34:44.440013,TRUE,FALSE,0,FALSE
2019-05-23 11:48:02.145621,FALSE,FALSE,0,FALSE
2019-05-23 20:24:07.384703,TRUE,FALSE,0,FALSE
2019-05-24 11:48:35.430083,FALSE,FALSE,0,FALSE
2019-05-24 20:28:23.828232,TRUE,FALSE,0,FALSE
2019-05-25 11:46:52.108021,FALSE,FALSE,0,FALSE
2019-05-25 20:29:07.384703,TRUE,FALSE,0,FALSE
2019-05-26 11:37:43.055495,FALSE,FALSE,0,FALSE
2019-05-26 20:26:11.891979,TRUE,FALSE,0,FALSE
2019-05-27 11:50:54.919395,FALSE,FALSE,0,FALSE
2019-05-27 20:15:57.632494,TRUE,FALSE,0,FALSE
2019-05-28 11:58:15.214498,FALSE,FALSE,0,FALSE
2019-05-28 20:18:34.074629,TRUE,FALSE,0,FALSE
2019-05-29 11:58:15.214498,FALSE,FALSE,0,FALSE
2019-05-29 19:36:12.891979,TRUE,FALSE,0,FALSE
2019-05-30 11:54:20.192166,FALSE,FALSE,0,FALSE
2019-05-30 17:46:20.315867,TRUE,FALSE,0,FALSE
2019-07-07 16:47:13.367506,FALSE,FALSE,0,FALSE
2019-07-07 20:48:05.686143,TRUE,FALSE,0,FALSE
2019-07-08 14:50:12.313857,FALSE,FALSE,0,FALSE
2019-07-08 21:36:26.315867,TRUE,FALSE,0,FALSE
2019-07-09 14:37:50.055495,FALSE,FALSE,0,FALSE
2019-07-09 21:47:37.768346,TRUE,FALSE,0,FALSE
2019-07-10 14:28:26.559987,FALSE,FALSE,0,FALSE
2019-07-10 22:11:04.632494,TRUE,FALSE,0,FALSE
2019-07-11 14:35:29.692795,FALSE,FALSE,0,FALSE
2019-07-11 22:03:05.686143,TRUE,FALSE,0,FALSE
2019-07-12 14:36:59.108021,FALSE,FALSE,0,FALSE
2019-07-12 21:45:27.944505,TRUE,FALSE,0,FALSE
2019-07-13 14:11:59.108021,FALSE,FALSE,0,FALSE
2019-07-13 21:24:51.440013,TRUE,FALSE,0,FALSE
2019-07-14 14:04:38.925371,FALSE,FALSE,0,FALSE
2019-07-14 21:21:32.220737,TRUE,FALSE,0,FALSE
2019-07-15 14:07:56.466715,FALSE,FALSE,0,FALSE
2019-07-15 21:21:19.891979,TRUE,FALSE,0,FALSE
2019-07-16 13:27:51.055495,FALSE,FALSE,0,FALSE
2019-07-16 20:56:19.891979,TRUE,FALSE,0,FALSE
2019-07-17 13:10:08.623765,FALSE,FALSE,0,FALSE
2019-07-17 20:56:32.220737,TRUE,FALSE,0,FALSE
2019-07-18 12:51:00.435829,FALSE,FALSE,0,FALSE
2019-07-18 20:58:41.074629,TRUE,FALSE,0,FALSE
2019-07-19 13:09:38.925371,FALSE,FALSE,0,FALSE
2019-07-19 20:38:41.074629,TRUE,FALSE,0,FALSE
2019-07-20 11:58:27.559987,FALSE,FALSE,0,FALSE
2019-07-20 20:35:52.949005,TRUE,FALSE,0,FALSE
2019-07-21 11:52:15.367506,FALSE,FALSE,0,FALSE
2019-07-21 20:43:07.686143,TRUE,FALSE,0,FALSE
2019-07-22 11:53:23.214498,FALSE,FALSE,0,FALSE
2019-07-22 20:50:29.944505,TRUE,FALSE,0,FALSE
2019-07-23 12:00:42.231654,FALSE,FALSE,0,FALSE
2019-07-23 20:39:10.29794,TRUE,FALSE,0,FALSE
2019-07-24 11:54:43.467478,FALSE,FALSE,0,FALSE
2019-07-24 20:47:23.634098,TRUE,FALSE,0,FALSE
2019-07-25 11:55:58.365902,FALSE,FALSE,0,FALSE
2019-07-25 20:38:07.686143,TRUE,FALSE,0,FALSE
2019-07-26 11:53:44.430083,FALSE,FALSE,0,FALSE
2019-07-26 20:40:52.949005,TRUE,FALSE,0,FALSE
2019-07-27 11:52:02.108021,FALSE,FALSE,0,FALSE
2019-07-27 20:42:40.768346,TRUE,FALSE,0,FALSE
2019-07-28 11:47:53.055495,FALSE,FALSE,0,FALSE
2019-07-28 20:46:07.632494,TRUE,FALSE,0,FALSE
2019-07-29 11:32:16.367506,FALSE,FALSE,0,FALSE
2019-07-29 20:46:34.220737,TRUE,FALSE,0,FALSE
2019-07-30 11:47:54.308223,FALSE,FALSE,0,FALSE
2019-07-30 20:42:51.307205,TRUE,FALSE,0,FALSE
2019-07-31 11:49:00.888456,FALSE,FALSE,0,FALSE
2019-07-31 20:46:07.632494,TRUE,FALSE,0,FALSE
2019-08-01 11:40:43.231654,FALSE,FALSE,0,FALSE
2019-08-01 20:55:29.691777,TRUE,FALSE,0,FALSE
2019-08-02 11:47:12.942861,FALSE,FALSE,0,FALSE
2019-08-02 20:51:29.315867,TRUE,FALSE,0,FALSE
2019-08-03 11:43:30.559987,FALSE,FALSE,0,FALSE
2019-08-03 20:53:44.074629,TRUE,FALSE,0,FALSE
2019-08-04 11:42:03.108021,FALSE,FALSE,0,FALSE
2019-08-04 20:48:09.686143,TRUE,FALSE,0,FALSE
2019-08-05 11:39:45.467478,FALSE,FALSE,0,FALSE
2019-08-05 20:53:29.464899,TRUE,FALSE,0,FALSE
2019-08-06 11:31:00.365902,FALSE,FALSE,0,FALSE
2019-08-06 20:55:00.785502,TRUE,FALSE,0,FALSE
2019-08-07 11:42:17.367506,FALSE,FALSE,0,FALSE
2019-08-07 21:10:31.944505,TRUE,FALSE,0,FALSE
2019-08-08 11:23:25.214498,FALSE,FALSE,0,FALSE
2019-08-08 21:42:34.667441,TRUE,FALSE,0,FALSE
2019-08-09 11:07:17.367506,FALSE,FALSE,0,FALSE
2019-08-09 21:40:31.691777,TRUE,FALSE,0,FALSE
2019-08-10 10:48:55.3706,FALSE,FALSE,0,FALSE
2019-08-10 21:49:56.440013,TRUE,FALSE,0,FALSE
2019-08-11 10:58:31.559987,FALSE,FALSE,0,FALSE
2019-08-11 22:17:30.530224,TRUE,FALSE,0,FALSE
2019-08-12 11:00:57.469776,FALSE,FALSE,0,FALSE
2019-08-12 22:14:19.384703,TRUE,FALSE,0,FALSE
2019-08-13 10:56:51.779263,FALSE,FALSE,0,FALSE
2019-08-13 22:12:53.307205,TRUE,FALSE,0,FALSE
2019-08-14 10:59:42.925371,FALSE,FALSE,0,FALSE
2019-08-14 22:16:31.315867,TRUE,FALSE,0,FALSE
2019-08-15 10:57:18.367506,FALSE,FALSE,0,FALSE
2019-08-15 22:13:10.686143,TRUE,FALSE,0,FALSE
2019-08-16 10:56:56.684133,FALSE,FALSE,0,FALSE
2019-08-16 22:17:54.307205,TRUE,FALSE,0,FALSE
2019-08-17 10:58:32.559987,FALSE,FALSE,0,FALSE
2019-08-17 22:15:32.691777,TRUE,FALSE,0,FALSE
