"Twilight","Rise","Deleted","Marker","Inserted","Twilight3","Marker3"
2013-04-04 08:43:57,FALSE,FALSE,0,FALSE,2013-04-04 08:43:57,0
2013-04-04 20:17:29,TRUE,FALSE,0,FALSE,2013-04-04 20:17:29,0
2013-04-05 08:40:22,FALSE,FALSE,0,FALSE,2013-04-05 08:40:22,0
2013-04-05 20:09:48,TRUE,FALSE,0,FALSE,2013-04-05 20:09:48,0
2013-04-06 08:37:41,FALSE,FALSE,0,FALSE,2013-04-06 08:37:41,0
2013-04-06 20:14:06,TRUE,FALSE,0,FALSE,2013-04-06 20:14:06,0
2013-04-07 08:30:19,FALSE,FALSE,0,FALSE,2013-04-07 08:30:19,0
2013-04-07 20:15:39,TRUE,FALSE,0,FALSE,2013-04-07 20:15:39,0
2013-04-08 08:43:58,FALSE,FALSE,0,FALSE,2013-04-08 08:43:58,0
2013-04-08 20:12:30,TRUE,FALSE,0,FALSE,2013-04-08 20:12:30,0
2013-04-09 08:39:26,FALSE,FALSE,0,FALSE,2013-04-09 08:39:26,0
2013-04-09 20:15:39,TRUE,FALSE,0,FALSE,2013-04-09 20:15:39,0
2013-04-10 08:28:58,FALSE,FALSE,0,FALSE,2013-04-10 08:28:58,0
2013-04-10 20:19:49,TRUE,FALSE,0,FALSE,2013-04-10 20:19:49,0
2013-04-11 08:33:58,FALSE,FALSE,0,FALSE,2013-04-11 08:33:58,0
2013-04-11 20:19:49,TRUE,FALSE,0,FALSE,2013-04-11 20:19:49,0
2013-04-12 08:33:32,FALSE,FALSE,0,FALSE,2013-04-12 08:33:32,0
2013-04-12 20:33:46,TRUE,FALSE,0,FALSE,2013-04-12 20:33:46,0
2013-04-13 08:27:42,FALSE,FALSE,0,FALSE,2013-04-13 08:27:42,0
2013-04-13 20:20:39,TRUE,FALSE,0,FALSE,2013-04-13 20:20:39,0
2013-04-14 08:25:51,FALSE,FALSE,0,FALSE,2013-04-14 08:25:51,0
2013-04-14 20:14:49,TRUE,FALSE,0,FALSE,2013-04-14 20:14:49,0
2013-04-15 08:36:02,FALSE,FALSE,0,FALSE,2013-04-15 08:36:02,0
2013-04-15 20:42:30,TRUE,FALSE,0,FALSE,2013-04-15 20:42:30,0
2013-04-16 09:18:33,FALSE,FALSE,0,FALSE,2013-04-16 09:18:33,0
2013-04-16 20:54:50,TRUE,FALSE,0,FALSE,2013-04-16 20:54:50,0
2013-04-17 10:00:43,FALSE,FALSE,0,FALSE,2013-04-17 10:00:43,0
2013-04-17 21:14:50,TRUE,FALSE,0,FALSE,2013-04-17 21:14:50,0
2013-04-18 10:13:33,FALSE,FALSE,0,FALSE,2013-04-18 10:13:33,0
2013-04-18 21:17:20,TRUE,FALSE,0,FALSE,2013-04-18 21:17:20,0
2013-04-19 10:40:24,FALSE,FALSE,0,FALSE,2013-04-19 10:40:24,0
2013-04-19 21:17:59,TRUE,FALSE,0,FALSE,2013-04-19 21:17:59,0
2013-04-20 10:52:43,FALSE,FALSE,0,FALSE,2013-04-20 10:52:43,0
2013-04-20 21:10:40,TRUE,FALSE,0,FALSE,2013-04-20 21:10:40,0
2013-04-21 10:40:43,FALSE,FALSE,0,FALSE,2013-04-21 10:40:43,0
2013-04-21 21:19:50,TRUE,FALSE,0,FALSE,2013-04-21 21:19:50,0
2013-04-22 10:46:31,FALSE,FALSE,0,FALSE,2013-04-22 15:42:43,0
2013-04-22 21:12:59,TRUE,FALSE,0,FALSE,2013-04-22 21:12:59,0
2013-04-23 10:39:29,FALSE,FALSE,0,FALSE,2013-04-23 10:39:29,0
2013-04-23 21:15:40,TRUE,FALSE,0,FALSE,2013-04-23 21:15:40,0
2013-04-24 10:43:33,FALSE,FALSE,0,FALSE,2013-04-24 10:43:33,0
2013-04-24 21:14:50,TRUE,FALSE,0,FALSE,2013-04-24 21:14:50,0
2013-04-25 10:50:25,FALSE,FALSE,0,FALSE,2013-04-25 10:50:25,0
2013-04-25 21:14:51,TRUE,FALSE,0,FALSE,2013-04-25 21:14:51,0
2013-04-26 10:47:44,FALSE,FALSE,0,FALSE,2013-04-26 10:47:44,0
2013-04-26 21:10:41,TRUE,FALSE,0,FALSE,2013-04-26 21:10:41,0
2013-04-27 10:43:34,FALSE,FALSE,0,FALSE,2013-04-27 10:43:34,0
2013-04-27 21:15:41,TRUE,FALSE,0,FALSE,2013-04-27 21:15:41,0
2013-04-28 10:49:00,FALSE,FALSE,0,FALSE,2013-04-28 10:49:00,0
2013-04-28 21:15:41,TRUE,FALSE,0,FALSE,2013-04-28 21:15:41,0
2013-04-29 10:57:44,FALSE,FALSE,0,FALSE,2013-04-29 10:57:44,0
2013-04-29 21:04:25,TRUE,FALSE,0,FALSE,2013-04-29 21:04:25,0
2013-04-30 10:47:44,FALSE,FALSE,0,FALSE,2013-04-30 10:47:44,0
2013-04-30 20:52:21,TRUE,FALSE,0,FALSE,2013-04-30 20:52:21,0
2013-05-01 10:56:09,FALSE,FALSE,0,FALSE,2013-05-01 10:56:09,0
2013-05-01 20:53:57,TRUE,FALSE,0,FALSE,2013-05-01 20:53:57,0
2013-05-02 10:58:34,FALSE,FALSE,0,FALSE,2013-05-02 10:58:34,0
2013-05-02 20:49:25,TRUE,FALSE,0,FALSE,2013-05-02 20:49:25,0
2013-05-03 10:45:08,FALSE,FALSE,0,FALSE,2013-05-03 10:45:08,0
2013-05-03 20:44:25,TRUE,FALSE,0,FALSE,2013-05-03 20:44:25,0
2013-05-04 10:56:00,FALSE,FALSE,0,FALSE,2013-05-04 10:56:00,0
2013-05-04 20:40:42,TRUE,FALSE,0,FALSE,2013-05-04 20:40:42,0
2013-05-05 10:57:45,FALSE,FALSE,0,FALSE,2013-05-05 10:57:45,0
2013-05-05 20:48:01,TRUE,FALSE,0,FALSE,2013-05-05 20:48:01,0
2013-05-06 10:50:54,FALSE,FALSE,0,FALSE,2013-05-06 10:50:54,0
2013-05-06 20:50:42,TRUE,FALSE,0,FALSE,2013-05-06 20:50:42,0
2013-05-07 10:54:17,FALSE,FALSE,0,FALSE,2013-05-07 10:54:17,0
2013-05-07 20:45:42,TRUE,FALSE,0,FALSE,2013-05-07 20:45:42,0
2013-05-08 10:45:26,FALSE,FALSE,0,FALSE,2013-05-08 10:45:26,0
2013-05-08 20:53:49,TRUE,FALSE,0,FALSE,2013-05-08 20:53:49,0
2013-05-09 10:58:35,FALSE,FALSE,0,FALSE,2013-05-09 10:58:35,0
2013-05-09 20:48:58,TRUE,FALSE,0,FALSE,2013-05-09 20:48:58,0
2013-05-10 10:54:01,FALSE,FALSE,0,FALSE,2013-05-10 10:54:01,0
2013-05-10 20:49:52,TRUE,FALSE,0,FALSE,2013-05-10 20:49:52,0
2013-05-11 11:03:35,FALSE,FALSE,0,FALSE,2013-05-11 11:03:35,0
2013-05-11 20:34:52,TRUE,FALSE,0,FALSE,2013-05-11 20:34:52,0
2013-05-12 11:03:35,FALSE,FALSE,0,FALSE,2013-05-12 11:03:35,0
2013-05-12 20:37:42,TRUE,FALSE,0,FALSE,2013-05-12 20:37:42,0
2013-05-13 11:07:46,FALSE,FALSE,0,FALSE,2013-05-13 11:07:46,0
2013-05-13 20:37:43,TRUE,FALSE,0,FALSE,2013-05-13 20:37:43,0
2013-05-14 11:04:02,FALSE,FALSE,0,FALSE,2013-05-14 11:04:02,0
2013-05-14 20:37:43,TRUE,FALSE,0,FALSE,2013-05-14 20:37:43,0
2013-05-15 10:55:55,FALSE,FALSE,0,FALSE,2013-05-15 10:55:55,0
2013-05-15 20:44:27,TRUE,FALSE,0,FALSE,2013-05-15 20:44:27,0
2013-05-16 10:59:30,FALSE,FALSE,0,FALSE,2013-05-16 10:59:30,0
2013-05-16 20:44:53,TRUE,FALSE,0,FALSE,2013-05-16 20:44:53,0
2013-05-17 10:58:36,FALSE,FALSE,0,FALSE,2013-05-17 10:58:36,0
2013-05-17 20:34:53,TRUE,FALSE,0,FALSE,2013-05-17 20:34:53,0
2013-05-18 10:50:55,FALSE,FALSE,0,FALSE,2013-05-18 10:50:55,0
2013-05-18 20:39:27,TRUE,FALSE,0,FALSE,2013-05-18 20:39:27,0
2013-05-19 11:09:02,FALSE,FALSE,0,FALSE,2013-05-19 11:09:02,0
2013-05-19 20:32:34,TRUE,FALSE,0,FALSE,2013-05-19 20:32:34,0
2013-05-20 10:55:55,FALSE,FALSE,0,FALSE,2013-05-20 10:55:55,0
2013-05-20 20:33:02,TRUE,FALSE,0,FALSE,2013-05-20 20:33:02,0
2013-05-21 11:09:02,FALSE,FALSE,0,FALSE,2013-05-21 11:09:02,0
2013-05-21 20:35:43,TRUE,FALSE,0,FALSE,2013-05-21 20:35:43,0
2013-05-22 11:05:47,FALSE,FALSE,0,FALSE,2013-05-22 11:05:47,0
2013-05-22 20:40:44,TRUE,FALSE,0,FALSE,2013-05-22 20:40:44,0
2013-05-23 11:04:19,FALSE,FALSE,0,FALSE,2013-05-23 11:04:19,0
2013-05-23 20:30:44,TRUE,FALSE,0,FALSE,2013-05-23 20:30:44,0
2013-05-24 11:17:47,FALSE,FALSE,0,FALSE,2013-05-24 11:17:47,0
2013-05-24 20:09:12,TRUE,FALSE,0,FALSE,2013-05-24 20:09:12,0
2013-05-25 11:39:19,FALSE,FALSE,0,FALSE,2013-05-25 11:39:19,0
2013-05-25 19:52:35,TRUE,FALSE,0,FALSE,2013-05-25 19:52:35,0
2013-05-26 11:30:56,FALSE,FALSE,0,FALSE,2013-05-26 11:30:56,0
2013-05-26 19:55:44,TRUE,FALSE,0,FALSE,2013-05-26 19:55:44,0
2013-05-27 11:27:47,FALSE,FALSE,0,FALSE,2013-05-27 11:27:47,0
2013-05-27 20:00:44,TRUE,FALSE,0,FALSE,2013-05-27 20:00:44,0
2013-05-28 11:29:03,FALSE,FALSE,0,FALSE,2013-05-28 11:29:03,0
2013-05-28 19:59:28,TRUE,FALSE,0,FALSE,2013-05-28 19:59:28,0
2013-05-29 11:47:47,FALSE,FALSE,0,FALSE,2013-05-29 11:47:47,0
2013-05-29 19:40:44,TRUE,FALSE,0,FALSE,2013-05-29 19:40:44,0
2013-05-30 11:52:47,FALSE,FALSE,0,FALSE,2013-05-30 11:52:47,0
2013-05-30 18:43:03,TRUE,FALSE,0,FALSE,2013-05-30 18:43:03,0
2013-05-31 11:45:29,FALSE,FALSE,0,FALSE,2013-05-31 11:45:29,0
2013-05-31 17:03:59,TRUE,FALSE,0,FALSE,2013-05-31 17:03:59,0
2013-07-18 15:05:34,FALSE,FALSE,0,FALSE,2013-07-18 15:05:34,0
2013-07-18 18:04:04,TRUE,FALSE,0,FALSE,2013-07-18 18:04:04,0
2013-07-19 12:58:43,FALSE,FALSE,0,FALSE,2013-07-19 12:58:43,0
2013-07-19 19:27:50,TRUE,FALSE,0,FALSE,2013-07-19 19:27:50,0
2013-07-20 12:54:46,FALSE,FALSE,0,FALSE,2013-07-20 12:54:46,0
2013-07-20 19:25:50,TRUE,FALSE,0,FALSE,2013-07-20 19:25:50,0
2013-07-21 12:39:39,FALSE,FALSE,0,FALSE,2013-07-21 12:39:39,0
2013-07-21 19:52:41,TRUE,FALSE,0,FALSE,2013-07-21 19:52:41,0
2013-07-22 12:25:53,FALSE,FALSE,0,FALSE,2013-07-22 12:25:53,0
2013-07-22 19:50:50,TRUE,FALSE,0,FALSE,2013-07-22 19:50:50,0
2013-07-23 12:38:43,FALSE,FALSE,0,FALSE,2013-07-23 12:38:43,0
2013-07-23 19:54:35,TRUE,FALSE,0,FALSE,2013-07-23 19:54:35,0
2013-07-24 12:44:47,FALSE,FALSE,0,FALSE,2013-07-24 12:44:47,0
2013-07-24 19:35:01,TRUE,FALSE,0,FALSE,2013-07-24 19:35:01,0
2013-07-25 12:44:26,FALSE,FALSE,0,FALSE,2013-07-25 12:44:26,0
2013-07-25 19:48:10,TRUE,FALSE,0,FALSE,2013-07-25 19:48:10,0
2013-07-26 12:28:44,FALSE,FALSE,0,FALSE,2013-07-26 12:28:44,0
2013-07-26 19:54:35,TRUE,FALSE,0,FALSE,2013-07-26 19:54:35,0
2013-07-27 12:32:54,FALSE,FALSE,0,FALSE,2013-07-27 12:32:54,0
2013-07-27 19:50:51,TRUE,FALSE,0,FALSE,2013-07-27 19:50:51,0
2013-07-28 12:27:54,FALSE,FALSE,0,FALSE,2013-07-28 12:27:54,0
2013-07-28 19:45:51,TRUE,FALSE,0,FALSE,2013-07-28 19:45:51,0
2013-07-29 11:15:54,FALSE,FALSE,0,FALSE,2013-07-29 11:15:54,0
2013-07-29 20:32:51,TRUE,FALSE,0,FALSE,2013-07-29 20:32:51,0
2013-07-30 11:01:03,FALSE,FALSE,0,FALSE,2013-07-30 11:01:03,0
2013-07-30 20:48:10,TRUE,FALSE,0,FALSE,2013-07-30 20:48:10,0
2013-07-31 11:01:17,FALSE,FALSE,0,FALSE,2013-07-31 11:01:17,0
2013-07-31 21:15:51,TRUE,FALSE,0,FALSE,2013-07-31 21:15:51,0
2013-08-01 10:52:54,FALSE,FALSE,0,FALSE,2013-08-01 10:52:54,0
2013-08-01 21:15:52,TRUE,FALSE,0,FALSE,2013-08-01 21:15:52,0
2013-08-02 10:53:45,FALSE,FALSE,0,FALSE,2013-08-02 10:53:45,0
2013-08-02 21:10:02,TRUE,FALSE,0,FALSE,2013-08-02 21:10:02,0
2013-08-03 10:55:55,FALSE,FALSE,0,FALSE,2013-08-03 10:55:55,0
2013-08-03 21:24:08,TRUE,FALSE,0,FALSE,2013-08-03 21:24:08,0
2013-08-04 10:38:45,FALSE,FALSE,0,FALSE,2013-08-04 10:38:45,0
2013-08-04 21:19:36,TRUE,FALSE,0,FALSE,2013-08-04 21:19:36,0
2013-08-05 10:42:55,FALSE,FALSE,0,FALSE,2013-08-05 10:42:55,0
2013-08-05 21:32:29,TRUE,FALSE,0,FALSE,2013-08-05 21:32:29,0
2013-08-06 10:42:55,FALSE,FALSE,0,FALSE,2013-08-06 10:42:55,0
2013-08-06 21:10:02,TRUE,FALSE,0,FALSE,2013-08-06 21:10:02,0
2013-08-07 10:32:55,FALSE,FALSE,0,FALSE,2013-08-07 10:32:55,0
2013-08-07 21:12:29,TRUE,FALSE,0,FALSE,2013-08-07 21:12:29,0
2013-08-08 10:21:10,FALSE,FALSE,0,FALSE,2013-08-08 10:21:10,0
2013-08-08 21:15:02,TRUE,FALSE,0,FALSE,2013-08-08 21:15:02,0
2013-08-09 10:31:18,FALSE,FALSE,0,FALSE,2013-08-09 10:31:18,0
2013-08-09 21:17:27,TRUE,FALSE,0,FALSE,2013-08-09 21:17:27,0
2013-08-10 10:27:55,FALSE,FALSE,0,FALSE,2013-08-10 10:27:55,0
2013-08-10 21:23:44,TRUE,FALSE,0,FALSE,2013-08-10 21:23:44,0
2013-08-11 10:27:56,FALSE,FALSE,0,FALSE,2013-08-11 10:27:56,0
2013-08-11 21:19:21,TRUE,FALSE,0,FALSE,2013-08-11 21:19:21,0
2013-08-12 10:31:26,FALSE,FALSE,0,FALSE,2013-08-12 10:31:26,0
2013-08-12 21:22:38,TRUE,FALSE,0,FALSE,2013-08-12 21:22:38,0
2013-08-13 10:23:46,FALSE,FALSE,0,FALSE,2013-08-13 10:23:46,0
2013-08-13 21:17:53,TRUE,FALSE,0,FALSE,2013-08-13 21:17:53,0
2013-08-14 10:34:12,FALSE,FALSE,0,FALSE,2013-08-14 10:34:12,0
2013-08-14 21:15:03,TRUE,FALSE,0,FALSE,2013-08-14 21:15:03,0
2013-08-15 10:34:28,FALSE,FALSE,0,FALSE,2013-08-15 10:34:28,0
2013-08-15 21:17:30,TRUE,FALSE,0,FALSE,2013-08-15 21:17:30,0
2013-08-16 10:33:46,FALSE,FALSE,0,FALSE,2013-08-16 10:33:46,0
2013-08-16 21:19:00,TRUE,FALSE,0,FALSE,2013-08-16 21:19:00,0
2013-08-17 10:32:56,FALSE,FALSE,0,FALSE,2013-08-17 10:32:56,0
2013-08-17 21:19:21,TRUE,FALSE,0,FALSE,2013-08-17 21:19:21,0
2013-08-18 10:29:28,FALSE,FALSE,0,FALSE,2013-08-18 10:29:28,0
2013-08-18 21:22:53,TRUE,FALSE,0,FALSE,2013-08-18 21:22:53,0
2013-08-19 10:26:19,FALSE,FALSE,0,FALSE,2013-08-19 10:26:19,0
2013-08-19 21:19:01,TRUE,FALSE,0,FALSE,2013-08-19 21:19:01,0
2013-08-20 10:29:13,FALSE,FALSE,0,FALSE,2013-08-20 10:29:13,0
2013-08-20 21:19:22,TRUE,FALSE,0,FALSE,2013-08-20 21:19:22,0
2013-08-21 10:26:34,FALSE,FALSE,0,FALSE,2013-08-21 10:26:34,0
2013-08-21 21:19:38,TRUE,FALSE,0,FALSE,2013-08-21 21:19:38,0
2013-08-22 10:29:13,FALSE,FALSE,0,FALSE,2013-08-22 10:29:13,0
2013-08-22 21:22:34,TRUE,FALSE,0,FALSE,2013-08-22 21:22:34,0
2013-08-23 10:25:10,FALSE,FALSE,0,FALSE,2013-08-23 10:25:10,0
2013-08-23 21:22:45,TRUE,FALSE,0,FALSE,2013-08-23 21:22:45,0
2013-08-24 10:27:57,FALSE,FALSE,0,FALSE,2013-08-24 10:27:57,0
2013-08-24 21:25:04,TRUE,FALSE,0,FALSE,2013-08-24 21:25:04,0
2013-08-25 10:24:13,FALSE,FALSE,0,FALSE,2013-08-25 10:24:13,0
2013-08-25 21:25:04,TRUE,FALSE,0,FALSE,2013-08-25 21:25:04,0
2013-08-26 10:24:29,FALSE,FALSE,0,FALSE,2013-08-26 10:24:29,0
2013-08-26 21:15:04,TRUE,FALSE,0,FALSE,2013-08-26 21:15:04,0
2013-08-27 10:22:57,FALSE,FALSE,0,FALSE,2013-08-27 10:22:57,0
2013-08-27 21:09:38,TRUE,FALSE,0,FALSE,2013-08-27 21:09:38,0
2013-08-28 10:14:41,FALSE,FALSE,0,FALSE,2013-08-28 10:14:41,0
2013-08-28 21:20:55,TRUE,FALSE,0,FALSE,2013-08-28 21:20:55,0
2013-08-29 10:22:58,FALSE,FALSE,0,FALSE,2013-08-29 10:22:58,0
2013-08-29 21:20:55,TRUE,FALSE,0,FALSE,2013-08-29 21:20:55,0
2013-08-30 09:53:48,FALSE,FALSE,0,FALSE,2013-08-30 09:53:48,0
2013-08-30 20:44:39,TRUE,FALSE,0,FALSE,2013-08-30 20:44:39,0
2013-08-31 08:58:48,FALSE,FALSE,0,FALSE,2013-08-31 08:58:48,0
2013-08-31 20:50:05,TRUE,FALSE,0,FALSE,2013-08-31 20:50:05,0
2013-09-01 09:07:58,FALSE,FALSE,0,FALSE,2013-09-01 09:07:58,0
2013-09-01 20:43:50,TRUE,FALSE,0,FALSE,2013-09-01 20:43:50,0
2013-09-02 08:59:57,FALSE,FALSE,0,FALSE,2013-09-02 08:59:57,0
2013-09-02 20:35:55,TRUE,FALSE,0,FALSE,2013-09-02 20:35:55,0
2013-09-03 09:01:29,FALSE,FALSE,0,FALSE,2013-09-03 09:01:29,0
2013-09-03 20:48:14,TRUE,FALSE,0,FALSE,2013-09-03 20:48:14,0
2013-09-04 08:57:58,FALSE,FALSE,0,FALSE,2013-09-04 08:57:58,0
2013-09-04 20:50:05,TRUE,FALSE,0,FALSE,2013-09-04 20:50:05,0
2013-09-05 08:59:30,FALSE,FALSE,0,FALSE,2013-09-05 08:59:30,0
2013-09-05 20:45:55,TRUE,FALSE,0,FALSE,2013-09-05 20:45:55,0
2013-09-06 09:02:58,FALSE,FALSE,0,FALSE,2013-09-06 09:02:58,0
2013-09-06 19:47:56,TRUE,FALSE,0,FALSE,2013-09-06 19:47:56,0
2013-09-07 08:39:45,FALSE,FALSE,0,FALSE,2013-09-07 08:39:45,0
2013-09-07 20:12:33,TRUE,FALSE,0,FALSE,2013-09-07 20:12:33,0
2013-09-08 08:34:31,FALSE,FALSE,0,FALSE,2013-09-08 08:34:31,0
2013-09-08 20:20:06,TRUE,FALSE,0,FALSE,2013-09-08 20:20:06,0
2013-09-09 08:38:49,FALSE,FALSE,0,FALSE,2013-09-09 08:38:49,0
2013-09-09 20:09:24,TRUE,FALSE,0,FALSE,2013-09-09 20:09:24,0
2013-09-10 08:33:49,FALSE,FALSE,0,FALSE,2013-09-10 08:33:49,0
2013-09-10 20:02:56,TRUE,FALSE,0,FALSE,2013-09-10 20:02:56,0
2013-09-11 08:38:49,FALSE,FALSE,0,FALSE,2013-09-11 08:38:49,0
2013-09-11 20:00:06,TRUE,FALSE,0,FALSE,2013-09-11 20:00:06,0
2013-09-12 08:39:15,FALSE,FALSE,0,FALSE,2013-09-12 08:39:15,0
2013-09-12 20:02:47,TRUE,FALSE,0,FALSE,2013-09-12 20:02:47,0
2013-09-13 08:53:49,FALSE,FALSE,0,FALSE,2013-09-13 08:53:49,0
2013-09-13 19:59:24,TRUE,FALSE,0,FALSE,2013-09-13 19:59:24,0
2013-09-14 08:33:49,FALSE,FALSE,0,FALSE,2013-09-14 08:33:49,0
2013-09-14 20:05:06,TRUE,FALSE,0,FALSE,2013-09-14 20:05:06,0
2013-09-15 08:38:49,FALSE,FALSE,0,FALSE,2013-09-15 08:38:49,0
2013-09-15 20:04:25,TRUE,FALSE,0,FALSE,2013-09-15 20:04:25,0
2013-09-16 08:33:00,FALSE,FALSE,0,FALSE,2013-09-16 08:33:00,0
2013-09-16 20:10:07,TRUE,FALSE,0,FALSE,2013-09-16 20:10:07,0
2013-09-17 08:38:00,FALSE,FALSE,0,FALSE,2013-09-17 08:38:00,0
2013-09-17 20:04:41,TRUE,FALSE,0,FALSE,2013-09-17 20:04:41,0
2013-09-18 08:34:16,FALSE,FALSE,0,FALSE,2013-09-18 08:34:16,0
2013-09-18 19:59:41,TRUE,FALSE,0,FALSE,2013-09-18 19:59:41,0
2013-09-19 08:49:32,FALSE,FALSE,0,FALSE,2013-09-19 08:49:32,0
2013-09-19 19:55:57,TRUE,FALSE,0,FALSE,2013-09-19 19:55:57,0
2013-09-20 08:38:00,FALSE,FALSE,0,FALSE,2013-09-20 08:38:00,0
2013-09-20 19:52:32,TRUE,FALSE,0,FALSE,2013-09-20 19:52:32,0
2013-09-21 08:44:44,FALSE,FALSE,0,FALSE,2013-09-21 08:44:44,0
2013-09-21 19:47:34,TRUE,FALSE,0,FALSE,2013-09-21 19:47:34,0
2013-09-22 08:49:16,FALSE,FALSE,0,FALSE,2013-09-22 08:49:16,0
2013-09-22 19:42:57,TRUE,FALSE,0,FALSE,2013-09-22 19:42:57,0
2013-09-23 08:45:41,FALSE,FALSE,0,FALSE,2013-09-23 08:45:41,0
2013-09-23 19:42:48,TRUE,FALSE,0,FALSE,2013-09-23 19:42:48,0
2013-09-24 08:56:00,FALSE,FALSE,0,FALSE,2013-09-24 08:56:00,0
2013-09-24 19:42:58,TRUE,FALSE,0,FALSE,2013-09-24 19:42:58,0
2013-09-25 08:49:45,FALSE,FALSE,0,FALSE,2013-09-25 08:49:45,0
2013-09-25 19:39:14,TRUE,FALSE,0,FALSE,2013-09-25 19:39:14,0
2013-09-26 08:54:17,FALSE,FALSE,0,FALSE,2013-09-26 08:54:17,0
2013-09-26 19:34:42,TRUE,FALSE,0,FALSE,2013-09-26 19:34:42,0
2013-09-27 08:48:51,FALSE,FALSE,0,FALSE,2013-09-27 08:48:51,0
2013-09-27 19:47:20,TRUE,FALSE,0,FALSE,2013-09-27 19:47:20,0
2013-09-28 08:54:17,FALSE,FALSE,0,FALSE,2013-09-28 08:54:17,0
2013-09-28 19:30:58,TRUE,FALSE,0,FALSE,2013-09-28 19:30:58,0
2013-09-29 08:58:51,FALSE,FALSE,0,FALSE,2013-09-29 08:58:51,0
2013-09-29 19:30:08,TRUE,FALSE,0,FALSE,2013-09-29 19:30:08,0
2013-09-30 08:53:01,FALSE,FALSE,0,FALSE,2013-09-30 08:53:01,0
2013-09-30 19:39:14,TRUE,FALSE,0,FALSE,2013-09-30 19:39:14,0
2013-10-01 08:55:42,FALSE,FALSE,0,FALSE,2013-10-01 08:55:42,0
2013-10-01 19:40:58,TRUE,FALSE,0,FALSE,2013-10-01 19:40:58,0
2013-10-02 09:03:51,FALSE,FALSE,0,FALSE,2013-10-02 09:03:51,0
2013-10-02 19:27:43,TRUE,FALSE,0,FALSE,2013-10-02 19:27:43,0
2013-10-03 08:48:51,FALSE,FALSE,0,FALSE,2013-10-03 08:48:51,0
2013-10-03 19:24:13,TRUE,FALSE,0,FALSE,2013-10-03 19:24:13,0
2013-10-04 08:58:02,FALSE,FALSE,0,FALSE,2013-10-04 08:58:02,0
2013-10-04 19:33:35,TRUE,FALSE,0,FALSE,2013-10-04 19:33:35,0
2013-10-05 09:04:34,FALSE,FALSE,0,FALSE,2013-10-05 09:04:34,0
2013-10-05 19:29:43,TRUE,FALSE,0,FALSE,2013-10-05 19:29:43,0
2013-10-06 09:04:18,FALSE,FALSE,0,FALSE,2013-10-06 09:04:18,0
2013-10-06 19:20:59,TRUE,FALSE,0,FALSE,2013-10-06 19:20:59,0
2013-10-07 09:05:43,FALSE,FALSE,0,FALSE,2013-10-07 09:05:43,0
2013-10-07 19:20:09,TRUE,FALSE,0,FALSE,2013-10-07 19:20:09,0
2013-10-08 09:09:18,FALSE,FALSE,0,FALSE,2013-10-08 09:09:18,0
2013-10-08 19:20:09,TRUE,FALSE,0,FALSE,2013-10-08 19:20:09,0
2013-10-09 08:56:27,FALSE,FALSE,0,FALSE,2013-10-09 08:56:27,0
2013-10-09 19:19:43,TRUE,FALSE,0,FALSE,2013-10-09 19:19:43,0
2013-10-10 09:03:02,FALSE,FALSE,0,FALSE,2013-10-10 09:03:02,0
2013-10-10 19:19:15,TRUE,FALSE,0,FALSE,2013-10-10 19:19:15,0
2013-10-11 09:05:43,FALSE,FALSE,0,FALSE,2013-10-11 09:05:43,0
2013-10-11 19:14:43,TRUE,FALSE,0,FALSE,2013-10-11 19:14:43,0
2013-10-12 09:13:52,FALSE,FALSE,0,FALSE,2013-10-12 09:13:52,0
2013-10-12 19:23:00,TRUE,FALSE,0,FALSE,2013-10-12 19:23:00,0
2013-10-13 09:04:49,FALSE,FALSE,0,FALSE,2013-10-13 09:04:49,0
2013-10-13 19:05:10,TRUE,FALSE,0,FALSE,2013-10-13 19:05:10,0
2013-10-14 09:08:53,FALSE,FALSE,0,FALSE,2013-10-14 09:08:53,0
2013-10-14 19:12:51,TRUE,FALSE,0,FALSE,2013-10-14 19:12:51,0
2013-10-15 09:06:03,FALSE,FALSE,0,FALSE,2013-10-15 09:06:03,0
2013-10-15 19:18:00,TRUE,FALSE,0,FALSE,2013-10-15 19:18:00,0
2013-10-16 09:08:53,FALSE,FALSE,0,FALSE,2013-10-16 09:08:53,0
2013-10-16 19:01:00,TRUE,FALSE,0,FALSE,2013-10-16 19:01:00,0
2013-10-17 09:16:03,FALSE,FALSE,0,FALSE,2013-10-17 09:16:03,0
2013-10-17 19:06:00,TRUE,FALSE,0,FALSE,2013-10-17 19:06:00,0
2013-10-18 09:11:18,FALSE,FALSE,0,FALSE,2013-10-18 09:11:18,0
2013-10-18 18:58:19,TRUE,FALSE,0,FALSE,2013-10-18 18:58:19,0
2013-10-19 09:23:53,FALSE,FALSE,0,FALSE,2013-10-19 09:23:53,0
2013-10-19 19:01:00,TRUE,FALSE,0,FALSE,2013-10-19 19:01:00,0
2013-10-20 09:16:12,FALSE,FALSE,0,FALSE,2013-10-20 09:16:12,0
2013-10-20 19:09:44,TRUE,FALSE,0,FALSE,2013-10-20 19:09:44,0
2013-10-21 09:28:54,FALSE,FALSE,0,FALSE,2013-10-21 09:28:54,0
2013-10-21 19:04:45,TRUE,FALSE,0,FALSE,2013-10-21 19:04:45,0
2013-10-22 09:13:04,FALSE,FALSE,0,FALSE,2013-10-22 09:13:04,0
2013-10-22 19:01:01,TRUE,FALSE,0,FALSE,2013-10-22 19:01:01,0
2013-10-23 09:18:04,FALSE,FALSE,0,FALSE,2013-10-23 09:18:04,0
2013-10-23 18:54:45,TRUE,FALSE,0,FALSE,2013-10-23 18:54:45,0
2013-10-24 09:23:04,FALSE,FALSE,0,FALSE,2013-10-24 09:23:04,0
2013-10-24 18:46:01,TRUE,FALSE,0,FALSE,2013-10-24 18:46:01,0
2013-10-25 09:23:54,FALSE,FALSE,0,FALSE,2013-10-25 09:23:54,0
2013-10-25 18:51:01,TRUE,FALSE,0,FALSE,2013-10-25 18:51:01,0
2013-10-26 09:18:54,FALSE,FALSE,0,FALSE,2013-10-26 09:18:54,0
2013-10-26 18:54:29,TRUE,FALSE,0,FALSE,2013-10-26 18:54:29,0
2013-10-27 09:29:20,FALSE,FALSE,0,FALSE,2013-10-27 09:29:20,0
2013-10-27 18:50:11,TRUE,FALSE,0,FALSE,2013-10-27 18:50:11,0
2013-10-28 09:20:45,FALSE,FALSE,0,FALSE,2013-10-28 09:20:45,0
2013-10-28 18:50:11,TRUE,FALSE,0,FALSE,2013-10-28 18:50:11,0
2013-10-29 09:28:04,FALSE,FALSE,0,FALSE,2013-10-29 09:28:04,0
2013-10-29 18:49:45,TRUE,FALSE,0,FALSE,2013-10-29 18:49:45,0
2013-10-30 09:31:14,FALSE,FALSE,0,FALSE,2013-10-30 09:31:14,0
2013-10-30 18:49:46,TRUE,FALSE,0,FALSE,2013-10-30 18:49:46,0
2013-10-31 09:21:38,FALSE,FALSE,0,FALSE,2013-10-31 09:21:38,0
2013-10-31 18:41:02,TRUE,FALSE,0,FALSE,2013-10-31 18:41:02,0
2013-11-01 09:43:05,FALSE,FALSE,0,FALSE,2013-11-01 09:43:05,0
2013-11-01 18:49:16,TRUE,FALSE,0,FALSE,2013-11-01 18:49:16,0
2013-11-02 09:33:55,FALSE,FALSE,0,FALSE,2013-11-02 09:33:55,0
2013-11-02 18:38:02,TRUE,FALSE,0,FALSE,2013-11-02 18:38:02,0
2013-11-03 09:38:05,FALSE,FALSE,0,FALSE,2013-11-03 09:38:05,0
2013-11-03 18:36:02,TRUE,FALSE,0,FALSE,2013-11-03 18:36:02,0
2013-11-04 09:38:05,FALSE,FALSE,0,FALSE,2013-11-04 09:38:05,0
2013-11-04 18:29:46,TRUE,FALSE,0,FALSE,2013-11-04 18:29:46,0
2013-11-05 09:50:46,FALSE,FALSE,0,FALSE,2013-11-05 09:50:46,0
2013-11-05 18:36:02,TRUE,FALSE,0,FALSE,2013-11-05 18:36:02,0
2013-11-06 09:43:55,FALSE,FALSE,0,FALSE,2013-11-06 09:43:55,0
2013-11-06 18:49:30,TRUE,FALSE,0,FALSE,2013-11-06 18:49:30,0
2013-11-07 09:39:37,FALSE,FALSE,0,FALSE,2013-11-07 09:39:37,0
2013-11-07 18:55:12,TRUE,FALSE,0,FALSE,2013-11-07 18:55:12,0
2013-11-08 09:38:06,FALSE,FALSE,0,FALSE,2013-11-08 09:38:06,0
2013-11-08 18:36:03,TRUE,FALSE,0,FALSE,2013-11-08 18:36:03,0
2013-11-09 09:54:22,FALSE,FALSE,0,FALSE,2013-11-09 09:54:22,0
2013-11-09 18:33:58,TRUE,FALSE,0,FALSE,2013-11-09 18:33:58,0
2013-11-10 09:58:06,FALSE,FALSE,0,FALSE,2013-11-10 09:58:06,0
2013-11-10 18:23:22,TRUE,FALSE,0,FALSE,2013-11-10 18:23:22,0
2013-11-11 09:54:22,FALSE,FALSE,0,FALSE,2013-11-11 09:54:22,0
2013-11-11 18:32:48,TRUE,FALSE,0,FALSE,2013-11-11 18:32:48,0
2013-11-12 09:48:06,FALSE,FALSE,0,FALSE,2013-11-12 09:48:06,0
2013-11-12 18:38:22,TRUE,FALSE,0,FALSE,2013-11-12 18:38:22,0
2013-11-13 09:40:47,FALSE,FALSE,0,FALSE,2013-11-13 09:40:47,0
2013-11-13 18:31:03,TRUE,FALSE,0,FALSE,2013-11-13 18:31:03,0
2013-11-14 09:44:22,FALSE,FALSE,0,FALSE,2013-11-14 09:44:22,0
2013-11-14 18:21:03,TRUE,FALSE,0,FALSE,2013-11-14 18:21:03,0
2013-11-15 09:56:06,FALSE,FALSE,0,FALSE,2013-11-15 09:56:06,0
2013-11-15 18:26:03,TRUE,FALSE,0,FALSE,2013-11-15 18:26:03,0
2013-11-16 10:01:21,FALSE,FALSE,0,FALSE,2013-11-16 10:01:21,0
2013-11-16 18:27:54,TRUE,FALSE,0,FALSE,2013-11-16 18:27:54,0
2013-11-17 10:01:22,FALSE,FALSE,0,FALSE,2013-11-17 10:01:22,0
2013-11-17 18:20:14,TRUE,FALSE,0,FALSE,2013-11-17 18:20:14,0
2013-11-18 09:59:39,FALSE,FALSE,0,FALSE,2013-11-18 09:59:39,0
2013-11-18 18:24:11,TRUE,FALSE,0,FALSE,2013-11-18 18:24:11,0
