event-id,visible,Twilight,Rise,Twilight3,Deleted,Inserted,sensor-type,individual-taxon-canonical-name,ID,individual-local-identifier,study-name
16668348016,TRUE,2016-04-09T08:29:24Z,FALSE,2016-04-09T08:29:24Z,FALSE,FALSE,solar-geolocator-twilight,Calidris ruficollis,X778,036-90135,Tracking Red-necked stints along the EAAF
16668348017,TRUE,2016-04-09T20:21:20Z,TRUE,2016-04-09T20:21:20Z,FALSE,FALSE,solar-geolocator-twilight,Calidris ruficollis,X778,036-90135,Tracking Red-necked stints along the EAAF
16668348023,TRUE,2016-04-10T08:19:24Z,FALSE,2016-04-10T08:19:24Z,FALSE,FALSE,solar-geolocator-twilight,Calidris ruficollis,X778,036-90135,Tracking Red-necked stints along the EAAF
16668348026,TRUE,2016-04-10T20:26:31Z,TRUE,2016-04-10T20:26:31Z,FALSE,FALSE,solar-geolocator-twilight,Calidris ruficollis,X778,036-90135,Tracking Red-necked stints along the EAAF
16668348030,TRUE,2016-04-11T08:10:10Z,FALSE,2016-04-11T08:10:10Z,FALSE,FALSE,solar-geolocator-twilight,Calidris ruficollis,X778,036-90135,Tracking Red-necked stints along the EAAF
16668348045,TRUE,2016-04-11T20:28:24Z,TRUE,2016-04-11T20:28:24Z,FALSE,FALSE,solar-geolocator-twilight,Calidris ruficollis,X778,036-90135,Tracking Red-necked stints along the EAAF
16668348052,TRUE,2016-04-12T08:14:43Z,FALSE,2016-04-12T08:14:43Z,FALSE,FALSE,solar-geolocator-twilight,Calidris ruficollis,X778,036-90135,Tracking Red-necked stints along the EAAF
16668348061,TRUE,2016-04-12T20:24:40Z,TRUE,2016-04-12T20:24:40Z,FALSE,FALSE,solar-geolocator-twilight,Calidris ruficollis,X778,036-90135,Tracking Red-necked stints along the EAAF
16668348069,TRUE,2016-04-13T08:04:52Z,FALSE,2016-04-13T08:04:52Z,FALSE,FALSE,solar-geolocator-twilight,Calidris ruficollis,X778,036-90135,Tracking Red-necked stints along the EAAF
16668348080,TRUE,2016-04-13T20:31:55Z,TRUE,2016-04-13T20:31:55Z,FALSE,FALSE,solar-geolocator-twilight,Calidris ruficollis,X778,036-90135,Tracking Red-necked stints along the EAAF
16668348087,TRUE,2016-04-14T08:07:33Z,FALSE,2016-04-14T08:07:33Z,FALSE,FALSE,solar-geolocator-twilight,Calidris ruficollis,X778,036-90135,Tracking Red-necked stints along the EAAF
16668348095,TRUE,2016-04-14T20:24:40Z,TRUE,2016-04-14T20:24:40Z,FALSE,FALSE,solar-geolocator-twilight,Calidris ruficollis,X778,036-90135,Tracking Red-necked stints along the EAAF
16668348106,TRUE,2016-04-15T08:09:43Z,FALSE,2016-04-15T08:09:43Z,FALSE,FALSE,solar-geolocator-twilight,Calidris ruficollis,X778,036-90135,Tracking Red-necked stints along the EAAF
16668348115,TRUE,2016-04-15T20:36:59Z,TRUE,2016-04-15T20:36:59Z,FALSE,FALSE,solar-geolocator-twilight,Calidris ruficollis,X778,036-90135,Tracking Red-necked stints along the EAAF
16668348121,TRUE,2016-04-16T07:59:52Z,FALSE,2016-04-16T07:59:52Z,FALSE,FALSE,solar-geolocator-twilight,Calidris ruficollis,X778,036-90135,Tracking Red-necked stints along the EAAF
16668348130,TRUE,2016-04-16T20:29:40Z,TRUE,2016-04-16T20:29:40Z,FALSE,FALSE,solar-geolocator-twilight,Calidris ruficollis,X778,036-90135,Tracking Red-necked stints along the EAAF
16668348139,TRUE,2016-04-17T08:15:08Z,FALSE,2016-04-17T08:15:08Z,FALSE,FALSE,solar-geolocator-twilight,Calidris ruficollis,X778,036-90135,Tracking Red-necked stints along the EAAF
16668348150,TRUE,2016-04-17T20:22:54Z,TRUE,2016-04-17T20:22:54Z,FALSE,FALSE,solar-geolocator-twilight,Calidris ruficollis,X778,036-90135,Tracking Red-necked stints along the EAAF
16668348159,TRUE,2016-04-18T08:12:59Z,FALSE,2016-04-18T08:12:59Z,FALSE,FALSE,solar-geolocator-twilight,Calidris ruficollis,X778,036-90135,Tracking Red-necked stints along the EAAF
16668348170,TRUE,2016-04-18T20:27:54Z,TRUE,2016-04-18T20:27:54Z,FALSE,FALSE,solar-geolocator-twilight,Calidris ruficollis,X778,036-90135,Tracking Red-necked stints along the EAAF
16668348177,TRUE,2016-04-19T08:17:59Z,FALSE,2016-04-19T08:17:59Z,FALSE,FALSE,solar-geolocator-twilight,Calidris ruficollis,X778,036-90135,Tracking Red-necked stints along the EAAF
16668348185,TRUE,2016-04-19T20:26:08Z,TRUE,2016-04-19T20:26:08Z,FALSE,FALSE,solar-geolocator-twilight,Calidris ruficollis,X778,036-90135,Tracking Red-necked stints along the EAAF
16668348196,TRUE,2016-04-20T08:09:43Z,FALSE,2016-04-20T08:09:43Z,FALSE,FALSE,solar-geolocator-twilight,Calidris ruficollis,X778,036-90135,Tracking Red-necked stints along the EAAF
16668348202,TRUE,2016-04-20T20:29:40Z,TRUE,2016-04-20T20:29:40Z,FALSE,FALSE,solar-geolocator-twilight,Calidris ruficollis,X778,036-90135,Tracking Red-necked stints along the EAAF
16668348213,TRUE,2016-04-21T07:57:33Z,FALSE,2016-04-21T07:57:33Z,FALSE,FALSE,solar-geolocator-twilight,Calidris ruficollis,X778,036-90135,Tracking Red-necked stints along the EAAF
16668348221,TRUE,2016-04-21T20:28:24Z,TRUE,2016-04-21T20:28:24Z,FALSE,FALSE,solar-geolocator-twilight,Calidris ruficollis,X778,036-90135,Tracking Red-necked stints along the EAAF
16668348230,TRUE,2016-04-22T08:02:33Z,FALSE,2016-04-22T08:02:33Z,FALSE,FALSE,solar-geolocator-twilight,Calidris ruficollis,X778,036-90135,Tracking Red-necked stints along the EAAF
16668348242,TRUE,2016-04-22T20:41:40Z,TRUE,2016-04-22T20:41:40Z,FALSE,FALSE,solar-geolocator-twilight,Calidris ruficollis,X778,036-90135,Tracking Red-necked stints along the EAAF
16668348251,TRUE,2016-04-23T08:14:43Z,FALSE,2016-04-23T08:14:43Z,FALSE,FALSE,solar-geolocator-twilight,Calidris ruficollis,X778,036-90135,Tracking Red-necked stints along the EAAF
16668348258,TRUE,2016-04-23T20:36:12Z,TRUE,2016-04-23T20:36:12Z,FALSE,FALSE,solar-geolocator-twilight,Calidris ruficollis,X778,036-90135,Tracking Red-necked stints along the EAAF
16668348266,TRUE,2016-04-24T08:04:58Z,FALSE,2016-04-24T08:04:58Z,FALSE,FALSE,solar-geolocator-twilight,Calidris ruficollis,X778,036-90135,Tracking Red-necked stints along the EAAF
16668348279,TRUE,2016-04-24T20:52:54Z,TRUE,2016-04-24T20:52:54Z,FALSE,FALSE,solar-geolocator-twilight,Calidris ruficollis,X778,036-90135,Tracking Red-necked stints along the EAAF
16668348282,TRUE,2016-04-25T07:57:33Z,FALSE,2016-04-25T07:57:33Z,FALSE,FALSE,solar-geolocator-twilight,Calidris ruficollis,X778,036-90135,Tracking Red-necked stints along the EAAF
16668348294,TRUE,2016-04-25T20:36:40Z,TRUE,2016-04-25T20:36:40Z,FALSE,FALSE,solar-geolocator-twilight,Calidris ruficollis,X778,036-90135,Tracking Red-necked stints along the EAAF
16668348300,TRUE,2016-04-26T07:57:33Z,FALSE,2016-04-26T07:57:33Z,FALSE,FALSE,solar-geolocator-twilight,Calidris ruficollis,X778,036-90135,Tracking Red-necked stints along the EAAF
16668348313,TRUE,2016-04-26T20:50:55Z,TRUE,2016-04-26T20:50:55Z,FALSE,FALSE,solar-geolocator-twilight,Calidris ruficollis,X778,036-90135,Tracking Red-necked stints along the EAAF
16668348318,TRUE,2016-04-27T07:33:48Z,FALSE,2016-04-27T07:33:48Z,FALSE,FALSE,solar-geolocator-twilight,Calidris ruficollis,X778,036-90135,Tracking Red-necked stints along the EAAF
16668348333,TRUE,2016-04-27T20:58:24Z,TRUE,2016-04-27T20:58:24Z,FALSE,FALSE,solar-geolocator-twilight,Calidris ruficollis,X778,036-90135,Tracking Red-necked stints along the EAAF
16668348336,TRUE,2016-04-28T07:44:58Z,FALSE,2016-04-28T07:44:58Z,FALSE,FALSE,solar-geolocator-twilight,Calidris ruficollis,X778,036-90135,Tracking Red-necked stints along the EAAF
16668348347,TRUE,2016-04-28T20:47:47Z,TRUE,2016-04-28T20:47:47Z,FALSE,FALSE,solar-geolocator-twilight,Calidris ruficollis,X778,036-90135,Tracking Red-necked stints along the EAAF
16668348355,TRUE,2016-04-29T07:53:36Z,FALSE,2016-04-29T07:53:36Z,FALSE,FALSE,solar-geolocator-twilight,Calidris ruficollis,X778,036-90135,Tracking Red-necked stints along the EAAF
16668348366,TRUE,2016-04-29T20:51:38Z,TRUE,2016-04-29T20:51:38Z,FALSE,FALSE,solar-geolocator-twilight,Calidris ruficollis,X778,036-90135,Tracking Red-necked stints along the EAAF
16668348373,TRUE,2016-04-30T07:57:59Z,FALSE,2016-04-30T07:57:59Z,FALSE,FALSE,solar-geolocator-twilight,Calidris ruficollis,X778,036-90135,Tracking Red-necked stints along the EAAF
16668348383,TRUE,2016-04-30T20:46:40Z,TRUE,2016-04-30T20:46:40Z,FALSE,FALSE,solar-geolocator-twilight,Calidris ruficollis,X778,036-90135,Tracking Red-necked stints along the EAAF
16668348391,TRUE,2016-05-01T07:53:42Z,FALSE,2016-05-01T07:53:42Z,FALSE,FALSE,solar-geolocator-twilight,Calidris ruficollis,X778,036-90135,Tracking Red-necked stints along the EAAF
16668348401,TRUE,2016-05-01T20:44:40Z,TRUE,2016-05-01T20:44:40Z,FALSE,FALSE,solar-geolocator-twilight,Calidris ruficollis,X778,036-90135,Tracking Red-necked stints along the EAAF
16668348409,TRUE,2016-05-02T07:57:33Z,FALSE,2016-05-02T07:57:33Z,FALSE,FALSE,solar-geolocator-twilight,Calidris ruficollis,X778,036-90135,Tracking Red-necked stints along the EAAF
16668348417,TRUE,2016-05-02T20:33:24Z,TRUE,2016-05-02T20:33:24Z,FALSE,FALSE,solar-geolocator-twilight,Calidris ruficollis,X778,036-90135,Tracking Red-necked stints along the EAAF
16668348426,TRUE,2016-05-03T07:46:43Z,FALSE,2016-05-03T07:46:43Z,FALSE,FALSE,solar-geolocator-twilight,Calidris ruficollis,X778,036-90135,Tracking Red-necked stints along the EAAF
16668348439,TRUE,2016-05-03T20:52:24Z,TRUE,2016-05-03T20:52:24Z,FALSE,FALSE,solar-geolocator-twilight,Calidris ruficollis,X778,036-90135,Tracking Red-necked stints along the EAAF
16668348444,TRUE,2016-05-04T07:48:15Z,FALSE,2016-05-04T07:48:15Z,FALSE,FALSE,solar-geolocator-twilight,Calidris ruficollis,X778,036-90135,Tracking Red-necked stints along the EAAF
16668348454,TRUE,2016-05-04T20:39:40Z,TRUE,2016-05-04T20:39:40Z,FALSE,FALSE,solar-geolocator-twilight,Calidris ruficollis,X778,036-90135,Tracking Red-necked stints along the EAAF
16668348463,TRUE,2016-05-05T07:53:27Z,FALSE,2016-05-05T07:53:27Z,FALSE,FALSE,solar-geolocator-twilight,Calidris ruficollis,X778,036-90135,Tracking Red-necked stints along the EAAF
16668348471,TRUE,2016-05-05T20:33:50Z,TRUE,2016-05-05T20:33:50Z,FALSE,FALSE,solar-geolocator-twilight,Calidris ruficollis,X778,036-90135,Tracking Red-necked stints along the EAAF
16668348480,TRUE,2016-05-06T07:50:08Z,FALSE,2016-05-06T07:50:08Z,FALSE,FALSE,solar-geolocator-twilight,Calidris ruficollis,X778,036-90135,Tracking Red-necked stints along the EAAF
16668348491,TRUE,2016-05-06T21:06:31Z,TRUE,2016-05-06T21:06:31Z,FALSE,FALSE,solar-geolocator-twilight,Calidris ruficollis,X778,036-90135,Tracking Red-necked stints along the EAAF
16668348500,TRUE,2016-05-07T08:26:43Z,FALSE,2016-05-07T08:26:43Z,FALSE,FALSE,solar-geolocator-twilight,Calidris ruficollis,X778,036-90135,Tracking Red-necked stints along the EAAF
16668348512,TRUE,2016-05-07T21:22:54Z,TRUE,2016-05-07T21:22:54Z,FALSE,FALSE,solar-geolocator-twilight,Calidris ruficollis,X778,036-90135,Tracking Red-necked stints along the EAAF
16668348518,TRUE,2016-05-08T08:35:11Z,FALSE,2016-05-08T08:35:11Z,FALSE,FALSE,solar-geolocator-twilight,Calidris ruficollis,X778,036-90135,Tracking Red-necked stints along the EAAF
16668348529,TRUE,2016-05-08T21:21:40Z,TRUE,2016-05-08T21:21:40Z,FALSE,FALSE,solar-geolocator-twilight,Calidris ruficollis,X778,036-90135,Tracking Red-necked stints along the EAAF
16668348537,TRUE,2016-05-09T08:37:33Z,FALSE,2016-05-09T08:37:33Z,FALSE,FALSE,solar-geolocator-twilight,Calidris ruficollis,X778,036-90135,Tracking Red-necked stints along the EAAF
16668348546,TRUE,2016-05-09T21:16:25Z,TRUE,2016-05-09T21:16:25Z,FALSE,FALSE,solar-geolocator-twilight,Calidris ruficollis,X778,036-90135,Tracking Red-necked stints along the EAAF
16668348554,TRUE,2016-05-10T08:37:33Z,FALSE,2016-05-10T08:37:33Z,FALSE,FALSE,solar-geolocator-twilight,Calidris ruficollis,X778,036-90135,Tracking Red-necked stints along the EAAF
16668348564,TRUE,2016-05-10T21:26:40Z,TRUE,2016-05-10T21:26:40Z,FALSE,FALSE,solar-geolocator-twilight,Calidris ruficollis,X778,036-90135,Tracking Red-necked stints along the EAAF
16668348572,TRUE,2016-05-11T08:39:24Z,FALSE,2016-05-11T08:39:24Z,FALSE,FALSE,solar-geolocator-twilight,Calidris ruficollis,X778,036-90135,Tracking Red-necked stints along the EAAF
16668348581,TRUE,2016-05-11T21:24:40Z,TRUE,2016-05-11T21:24:40Z,FALSE,FALSE,solar-geolocator-twilight,Calidris ruficollis,X778,036-90135,Tracking Red-necked stints along the EAAF
16668348590,TRUE,2016-05-12T08:49:52Z,FALSE,2016-05-12T08:49:52Z,FALSE,FALSE,solar-geolocator-twilight,Calidris ruficollis,X778,036-90135,Tracking Red-necked stints along the EAAF
16668348599,TRUE,2016-05-12T21:24:40Z,TRUE,2016-05-12T21:24:40Z,FALSE,FALSE,solar-geolocator-twilight,Calidris ruficollis,X778,036-90135,Tracking Red-necked stints along the EAAF
16668348609,TRUE,2016-05-13T08:56:43Z,FALSE,2016-05-13T08:56:43Z,FALSE,FALSE,solar-geolocator-twilight,Calidris ruficollis,X778,036-90135,Tracking Red-necked stints along the EAAF
16668348617,TRUE,2016-05-13T21:26:31Z,TRUE,2016-05-13T21:26:31Z,FALSE,FALSE,solar-geolocator-twilight,Calidris ruficollis,X778,036-90135,Tracking Red-necked stints along the EAAF
16668348627,TRUE,2016-05-14T08:45:11Z,FALSE,2016-05-14T08:45:11Z,FALSE,FALSE,solar-geolocator-twilight,Calidris ruficollis,X778,036-90135,Tracking Red-necked stints along the EAAF
16668348635,TRUE,2016-05-14T21:26:25Z,TRUE,2016-05-14T21:26:25Z,FALSE,FALSE,solar-geolocator-twilight,Calidris ruficollis,X778,036-90135,Tracking Red-necked stints along the EAAF
16668348645,TRUE,2016-05-15T08:46:43Z,FALSE,2016-05-15T08:46:43Z,FALSE,FALSE,solar-geolocator-twilight,Calidris ruficollis,X778,036-90135,Tracking Red-necked stints along the EAAF
16668348654,TRUE,2016-05-15T21:36:40Z,TRUE,2016-05-15T21:36:40Z,FALSE,FALSE,solar-geolocator-twilight,Calidris ruficollis,X778,036-90135,Tracking Red-necked stints along the EAAF
16668348662,TRUE,2016-05-16T08:47:33Z,FALSE,2016-05-16T08:47:33Z,FALSE,FALSE,solar-geolocator-twilight,Calidris ruficollis,X778,036-90135,Tracking Red-necked stints along the EAAF
16668348671,TRUE,2016-05-16T21:23:50Z,TRUE,2016-05-16T21:23:50Z,FALSE,FALSE,solar-geolocator-twilight,Calidris ruficollis,X778,036-90135,Tracking Red-necked stints along the EAAF
16668348680,TRUE,2016-05-17T08:47:33Z,FALSE,2016-05-17T08:47:33Z,FALSE,FALSE,solar-geolocator-twilight,Calidris ruficollis,X778,036-90135,Tracking Red-necked stints along the EAAF
16668348689,TRUE,2016-05-17T21:24:40Z,TRUE,2016-05-17T21:24:40Z,FALSE,FALSE,solar-geolocator-twilight,Calidris ruficollis,X778,036-90135,Tracking Red-necked stints along the EAAF
16668348698,TRUE,2016-05-18T08:46:43Z,FALSE,2016-05-18T08:46:43Z,FALSE,FALSE,solar-geolocator-twilight,Calidris ruficollis,X778,036-90135,Tracking Red-necked stints along the EAAF
16668348709,TRUE,2016-05-18T21:49:40Z,TRUE,2016-05-18T21:49:40Z,FALSE,FALSE,solar-geolocator-twilight,Calidris ruficollis,X778,036-90135,Tracking Red-necked stints along the EAAF
16668348717,TRUE,2016-05-19T09:27:33Z,FALSE,2016-05-19T09:27:33Z,FALSE,FALSE,solar-geolocator-twilight,Calidris ruficollis,X778,036-90135,Tracking Red-necked stints along the EAAF
16668348731,TRUE,2016-05-19T22:09:40Z,TRUE,2016-05-19T22:09:40Z,FALSE,FALSE,solar-geolocator-twilight,Calidris ruficollis,X778,036-90135,Tracking Red-necked stints along the EAAF
16668348735,TRUE,2016-05-20T10:05:19Z,FALSE,2016-05-20T10:05:19Z,FALSE,FALSE,solar-geolocator-twilight,Calidris ruficollis,X778,036-90135,Tracking Red-necked stints along the EAAF
16668348749,TRUE,2016-05-20T22:06:31Z,TRUE,2016-05-20T22:06:31Z,FALSE,FALSE,solar-geolocator-twilight,Calidris ruficollis,X778,036-90135,Tracking Red-necked stints along the EAAF
16668348753,TRUE,2016-05-21T10:11:43Z,FALSE,2016-05-21T10:11:43Z,FALSE,FALSE,solar-geolocator-twilight,Calidris ruficollis,X778,036-90135,Tracking Red-necked stints along the EAAF
16668348767,TRUE,2016-05-21T22:07:47Z,TRUE,2016-05-21T22:07:47Z,FALSE,FALSE,solar-geolocator-twilight,Calidris ruficollis,X778,036-90135,Tracking Red-necked stints along the EAAF
16668348771,TRUE,2016-05-22T10:09:43Z,FALSE,2016-05-22T10:09:43Z,FALSE,FALSE,solar-geolocator-twilight,Calidris ruficollis,X778,036-90135,Tracking Red-necked stints along the EAAF
16668348784,TRUE,2016-05-22T22:08:24Z,TRUE,2016-05-22T22:08:24Z,FALSE,FALSE,solar-geolocator-twilight,Calidris ruficollis,X778,036-90135,Tracking Red-necked stints along the EAAF
16668348788,TRUE,2016-05-23T10:04:58Z,FALSE,2016-05-23T10:04:58Z,FALSE,FALSE,solar-geolocator-twilight,Calidris ruficollis,X778,036-90135,Tracking Red-necked stints along the EAAF
16668348803,TRUE,2016-05-23T22:12:54Z,TRUE,2016-05-23T22:12:54Z,FALSE,FALSE,solar-geolocator-twilight,Calidris ruficollis,X778,036-90135,Tracking Red-necked stints along the EAAF
16668348806,TRUE,2016-05-24T10:12:59Z,FALSE,2016-05-24T10:12:59Z,FALSE,FALSE,solar-geolocator-twilight,Calidris ruficollis,X778,036-90135,Tracking Red-necked stints along the EAAF
16668348821,TRUE,2016-05-24T22:17:12Z,TRUE,2016-05-24T22:17:12Z,FALSE,FALSE,solar-geolocator-twilight,Calidris ruficollis,X778,036-90135,Tracking Red-necked stints along the EAAF
16668348824,TRUE,2016-05-25T10:06:43Z,FALSE,2016-05-25T10:06:43Z,FALSE,FALSE,solar-geolocator-twilight,Calidris ruficollis,X778,036-90135,Tracking Red-necked stints along the EAAF
16668348839,TRUE,2016-05-25T22:12:56Z,TRUE,2016-05-25T22:12:56Z,FALSE,FALSE,solar-geolocator-twilight,Calidris ruficollis,X778,036-90135,Tracking Red-necked stints along the EAAF
16668348841,TRUE,2016-05-26T10:02:33Z,FALSE,2016-05-26T10:02:33Z,FALSE,FALSE,solar-geolocator-twilight,Calidris ruficollis,X778,036-90135,Tracking Red-necked stints along the EAAF
16668348857,TRUE,2016-05-26T22:12:47Z,TRUE,2016-05-26T22:12:47Z,FALSE,FALSE,solar-geolocator-twilight,Calidris ruficollis,X778,036-90135,Tracking Red-necked stints along the EAAF
16668348859,TRUE,2016-05-27T10:01:43Z,FALSE,2016-05-27T10:01:43Z,FALSE,FALSE,solar-geolocator-twilight,Calidris ruficollis,X778,036-90135,Tracking Red-necked stints along the EAAF
16668348875,TRUE,2016-05-27T22:14:40Z,TRUE,2016-05-27T22:14:40Z,FALSE,FALSE,solar-geolocator-twilight,Calidris ruficollis,X778,036-90135,Tracking Red-necked stints along the EAAF
16668348877,TRUE,2016-05-28T10:11:43Z,FALSE,2016-05-28T10:11:43Z,FALSE,FALSE,solar-geolocator-twilight,Calidris ruficollis,X778,036-90135,Tracking Red-necked stints along the EAAF
16668348893,TRUE,2016-05-28T22:21:20Z,TRUE,2016-05-28T22:21:20Z,FALSE,FALSE,solar-geolocator-twilight,Calidris ruficollis,X778,036-90135,Tracking Red-necked stints along the EAAF
16668348896,TRUE,2016-05-29T10:29:52Z,FALSE,2016-05-29T10:29:52Z,FALSE,FALSE,solar-geolocator-twilight,Calidris ruficollis,X778,036-90135,Tracking Red-necked stints along the EAAF
16668348911,TRUE,2016-05-29T22:22:56Z,TRUE,2016-05-29T22:22:56Z,FALSE,FALSE,solar-geolocator-twilight,Calidris ruficollis,X778,036-90135,Tracking Red-necked stints along the EAAF
16668348914,TRUE,2016-05-30T10:49:43Z,FALSE,2016-05-30T10:49:43Z,FALSE,FALSE,solar-geolocator-twilight,Calidris ruficollis,X778,036-90135,Tracking Red-necked stints along the EAAF
16668348929,TRUE,2016-05-30T22:16:05Z,TRUE,2016-05-30T22:16:05Z,FALSE,FALSE,solar-geolocator-twilight,Calidris ruficollis,X778,036-90135,Tracking Red-necked stints along the EAAF
16668348932,TRUE,2016-05-31T10:44:24Z,FALSE,2016-05-31T10:44:24Z,FALSE,FALSE,solar-geolocator-twilight,Calidris ruficollis,X778,036-90135,Tracking Red-necked stints along the EAAF
16668348947,TRUE,2016-05-31T22:16:17Z,TRUE,2016-05-31T22:16:17Z,FALSE,FALSE,solar-geolocator-twilight,Calidris ruficollis,X778,036-90135,Tracking Red-necked stints along the EAAF
16668348950,TRUE,2016-06-01T10:44:43Z,FALSE,2016-06-01T10:44:43Z,FALSE,FALSE,solar-geolocator-twilight,Calidris ruficollis,X778,036-90135,Tracking Red-necked stints along the EAAF
16668348965,TRUE,2016-06-01T22:21:05Z,TRUE,2016-06-01T22:21:05Z,FALSE,FALSE,solar-geolocator-twilight,Calidris ruficollis,X778,036-90135,Tracking Red-necked stints along the EAAF
16668348968,TRUE,2016-06-02T10:46:43Z,FALSE,2016-06-02T10:46:43Z,FALSE,FALSE,solar-geolocator-twilight,Calidris ruficollis,X778,036-90135,Tracking Red-necked stints along the EAAF
16668348983,TRUE,2016-06-02T22:19:40Z,TRUE,2016-06-02T22:19:40Z,FALSE,FALSE,solar-geolocator-twilight,Calidris ruficollis,X778,036-90135,Tracking Red-necked stints along the EAAF
16668348986,TRUE,2016-06-03T10:43:42Z,FALSE,2016-06-03T10:43:42Z,FALSE,FALSE,solar-geolocator-twilight,Calidris ruficollis,X778,036-90135,Tracking Red-necked stints along the EAAF
16668349001,TRUE,2016-06-03T22:18:24Z,TRUE,2016-06-03T22:18:24Z,FALSE,FALSE,solar-geolocator-twilight,Calidris ruficollis,X778,036-90135,Tracking Red-necked stints along the EAAF
16668349004,TRUE,2016-06-04T10:43:27Z,FALSE,2016-06-04T10:43:27Z,FALSE,FALSE,solar-geolocator-twilight,Calidris ruficollis,X778,036-90135,Tracking Red-necked stints along the EAAF
16668349019,TRUE,2016-06-04T22:21:10Z,TRUE,2016-06-04T22:21:10Z,FALSE,FALSE,solar-geolocator-twilight,Calidris ruficollis,X778,036-90135,Tracking Red-necked stints along the EAAF
16668349022,TRUE,2016-06-05T11:08:15Z,FALSE,2016-06-05T11:08:15Z,FALSE,FALSE,solar-geolocator-twilight,Calidris ruficollis,X778,036-90135,Tracking Red-necked stints along the EAAF
16668349037,TRUE,2016-06-05T22:00:01Z,TRUE,2016-06-05T18:22:56Z,FALSE,FALSE,solar-geolocator-twilight,Calidris ruficollis,X778,036-90135,Tracking Red-necked stints along the EAAF
16668349040,TRUE,2016-06-06T11:07:59Z,FALSE,2016-06-06T11:07:59Z,FALSE,FALSE,solar-geolocator-twilight,Calidris ruficollis,X778,036-90135,Tracking Red-necked stints along the EAAF
16668349055,TRUE,2016-06-06T21:26:59Z,TRUE,2016-06-06T21:26:59Z,FALSE,FALSE,solar-geolocator-twilight,Calidris ruficollis,X778,036-90135,Tracking Red-necked stints along the EAAF
16668349058,TRUE,2016-06-07T11:20:06Z,FALSE,2016-06-07T11:20:06Z,FALSE,FALSE,solar-geolocator-twilight,Calidris ruficollis,X778,036-90135,Tracking Red-necked stints along the EAAF
16668349071,TRUE,2016-06-07T21:03:08Z,TRUE,2016-06-07T21:03:08Z,FALSE,FALSE,solar-geolocator-twilight,Calidris ruficollis,X778,036-90135,Tracking Red-necked stints along the EAAF
16668349076,TRUE,2016-06-08T11:17:59Z,FALSE,2016-06-08T11:17:59Z,FALSE,FALSE,solar-geolocator-twilight,Calidris ruficollis,X778,036-90135,Tracking Red-necked stints along the EAAF
16668349090,TRUE,2016-06-08T21:02:54Z,TRUE,2016-06-08T21:02:54Z,FALSE,FALSE,solar-geolocator-twilight,Calidris ruficollis,X778,036-90135,Tracking Red-necked stints along the EAAF
16668349094,TRUE,2016-06-09T11:17:33Z,FALSE,2016-06-09T11:17:33Z,FALSE,FALSE,solar-geolocator-twilight,Calidris ruficollis,X778,036-90135,Tracking Red-necked stints along the EAAF
16668349108,TRUE,2016-06-09T21:02:56Z,TRUE,2016-06-09T21:02:56Z,FALSE,FALSE,solar-geolocator-twilight,Calidris ruficollis,X778,036-90135,Tracking Red-necked stints along the EAAF
16668349112,TRUE,2016-06-10T11:17:33Z,FALSE,2016-06-10T11:17:33Z,FALSE,FALSE,solar-geolocator-twilight,Calidris ruficollis,X778,036-90135,Tracking Red-necked stints along the EAAF
16668349123,TRUE,2016-06-10T20:52:27Z,TRUE,2016-06-10T20:52:27Z,FALSE,FALSE,solar-geolocator-twilight,Calidris ruficollis,X778,036-90135,Tracking Red-necked stints along the EAAF
16668349128,TRUE,2016-06-11T11:11:43Z,FALSE,2016-06-11T11:11:43Z,FALSE,FALSE,solar-geolocator-twilight,Calidris ruficollis,X778,036-90135,Tracking Red-necked stints along the EAAF
16668349137,TRUE,2016-06-11T20:41:25Z,TRUE,2016-06-11T20:41:25Z,FALSE,FALSE,solar-geolocator-twilight,Calidris ruficollis,X778,036-90135,Tracking Red-necked stints along the EAAF
16668349142,TRUE,2016-06-12T11:14:43Z,FALSE,2016-06-12T11:14:43Z,FALSE,FALSE,solar-geolocator-twilight,Calidris ruficollis,X778,036-90135,Tracking Red-necked stints along the EAAF
16668349152,TRUE,2016-06-12T20:36:25Z,TRUE,2016-06-12T20:36:25Z,FALSE,FALSE,solar-geolocator-twilight,Calidris ruficollis,X778,036-90135,Tracking Red-necked stints along the EAAF
16668349156,TRUE,2016-06-13T11:26:43Z,FALSE,2016-06-13T11:26:43Z,FALSE,FALSE,solar-geolocator-twilight,Calidris ruficollis,X778,036-90135,Tracking Red-necked stints along the EAAF
16668349164,TRUE,2016-06-13T20:27:54Z,TRUE,2016-06-13T20:27:54Z,FALSE,FALSE,solar-geolocator-twilight,Calidris ruficollis,X778,036-90135,Tracking Red-necked stints along the EAAF
16668349168,TRUE,2016-06-14T11:39:18Z,FALSE,2016-06-14T14:16:43Z,FALSE,FALSE,solar-geolocator-twilight,Calidris ruficollis,X778,036-90135,Tracking Red-necked stints along the EAAF
16668349175,TRUE,2016-06-14T20:17:41Z,TRUE,2016-06-14T20:17:41Z,FALSE,FALSE,solar-geolocator-twilight,Calidris ruficollis,X778,036-90135,Tracking Red-necked stints along the EAAF
16668349178,TRUE,2016-06-15T11:44:52Z,FALSE,2016-06-15T11:44:52Z,FALSE,FALSE,solar-geolocator-twilight,Calidris ruficollis,X778,036-90135,Tracking Red-necked stints along the EAAF
16668349185,TRUE,2016-06-15T20:18:24Z,TRUE,2016-06-15T20:18:24Z,FALSE,FALSE,solar-geolocator-twilight,Calidris ruficollis,X778,036-90135,Tracking Red-necked stints along the EAAF
16668349188,TRUE,2016-06-16T11:59:52Z,FALSE,2016-06-16T11:59:52Z,FALSE,FALSE,solar-geolocator-twilight,Calidris ruficollis,X778,036-90135,Tracking Red-necked stints along the EAAF
16668349194,TRUE,2016-06-16T20:21:59Z,TRUE,2016-06-16T20:21:59Z,FALSE,FALSE,solar-geolocator-twilight,Calidris ruficollis,X778,036-90135,Tracking Red-necked stints along the EAAF
16668349197,TRUE,2016-06-17T11:51:38Z,FALSE,2016-06-17T12:46:43Z,FALSE,FALSE,solar-geolocator-twilight,Calidris ruficollis,X778,036-90135,Tracking Red-necked stints along the EAAF
16668349204,TRUE,2016-06-17T20:38:50Z,TRUE,2016-06-17T20:38:50Z,FALSE,FALSE,solar-geolocator-twilight,Calidris ruficollis,X778,036-90135,Tracking Red-necked stints along the EAAF
16668349208,TRUE,2016-06-18T12:04:52Z,FALSE,2016-06-18T12:04:52Z,FALSE,FALSE,solar-geolocator-twilight,Calidris ruficollis,X778,036-90135,Tracking Red-necked stints along the EAAF
16668349214,TRUE,2016-06-18T19:49:40Z,TRUE,2016-06-18T19:49:40Z,FALSE,FALSE,solar-geolocator-twilight,Calidris ruficollis,X778,036-90135,Tracking Red-necked stints along the EAAF
16668349218,TRUE,2016-06-19T12:34:43Z,FALSE,2016-06-19T12:34:43Z,FALSE,FALSE,solar-geolocator-twilight,Calidris ruficollis,X778,036-90135,Tracking Red-necked stints along the EAAF
16668349221,TRUE,2016-06-19T19:46:59Z,TRUE,2016-06-19T19:46:59Z,FALSE,FALSE,solar-geolocator-twilight,Calidris ruficollis,X778,036-90135,Tracking Red-necked stints along the EAAF
16668349224,TRUE,2016-06-20T12:59:58Z,FALSE,2016-06-20T12:59:58Z,FALSE,FALSE,solar-geolocator-twilight,Calidris ruficollis,X778,036-90135,Tracking Red-necked stints along the EAAF
16668349225,TRUE,2016-06-20T19:22:54Z,TRUE,2016-06-20T19:22:54Z,FALSE,FALSE,solar-geolocator-twilight,Calidris ruficollis,X778,036-90135,Tracking Red-necked stints along the EAAF
16668349230,TRUE,2016-06-21T12:57:33Z,FALSE,2016-06-21T12:57:33Z,FALSE,FALSE,solar-geolocator-twilight,Calidris ruficollis,X778,036-90135,Tracking Red-necked stints along the EAAF
16668349232,TRUE,2016-06-21T19:27:54Z,TRUE,2016-06-21T19:27:54Z,FALSE,FALSE,solar-geolocator-twilight,Calidris ruficollis,X778,036-90135,Tracking Red-necked stints along the EAAF
16668349236,TRUE,2016-06-22T13:01:43Z,FALSE,2016-06-22T13:01:43Z,FALSE,FALSE,solar-geolocator-twilight,Calidris ruficollis,X778,036-90135,Tracking Red-necked stints along the EAAF
16668349237,TRUE,2016-06-22T19:27:56Z,TRUE,2016-06-22T19:27:56Z,FALSE,FALSE,solar-geolocator-twilight,Calidris ruficollis,X778,036-90135,Tracking Red-necked stints along the EAAF
16668349242,TRUE,2016-06-23T12:59:24Z,FALSE,2016-06-23T12:59:24Z,FALSE,FALSE,solar-geolocator-twilight,Calidris ruficollis,X778,036-90135,Tracking Red-necked stints along the EAAF
16668349244,TRUE,2016-06-23T19:39:40Z,TRUE,2016-06-23T19:39:40Z,FALSE,FALSE,solar-geolocator-twilight,Calidris ruficollis,X778,036-90135,Tracking Red-necked stints along the EAAF
16668349247,TRUE,2016-06-24T12:56:43Z,FALSE,2016-06-24T12:56:43Z,FALSE,FALSE,solar-geolocator-twilight,Calidris ruficollis,X778,036-90135,Tracking Red-necked stints along the EAAF
16668349249,TRUE,2016-06-24T19:32:47Z,TRUE,2016-06-24T19:32:47Z,FALSE,FALSE,solar-geolocator-twilight,Calidris ruficollis,X778,036-90135,Tracking Red-necked stints along the EAAF
16668349253,TRUE,2016-06-25T12:59:24Z,FALSE,2016-06-25T12:59:24Z,FALSE,FALSE,solar-geolocator-twilight,Calidris ruficollis,X778,036-90135,Tracking Red-necked stints along the EAAF
16668349255,TRUE,2016-06-25T19:11:25Z,TRUE,2016-06-25T19:11:25Z,FALSE,FALSE,solar-geolocator-twilight,Calidris ruficollis,X778,036-90135,Tracking Red-necked stints along the EAAF
16668349660,TRUE,2016-08-10T14:32:33Z,FALSE,2016-08-10T14:32:33Z,FALSE,FALSE,solar-geolocator-twilight,Calidris ruficollis,X778,036-90135,Tracking Red-necked stints along the EAAF
16668349661,TRUE,2016-08-10T18:37:54Z,TRUE,2016-08-10T18:37:54Z,FALSE,FALSE,solar-geolocator-twilight,Calidris ruficollis,X778,036-90135,Tracking Red-necked stints along the EAAF
16668349678,TRUE,2016-08-11T12:43:48Z,FALSE,2016-08-11T12:43:48Z,FALSE,FALSE,solar-geolocator-twilight,Calidris ruficollis,X778,036-90135,Tracking Red-necked stints along the EAAF
16668349679,TRUE,2016-08-11T20:34:40Z,TRUE,2016-08-11T20:34:40Z,FALSE,FALSE,solar-geolocator-twilight,Calidris ruficollis,X778,036-90135,Tracking Red-necked stints along the EAAF
16668349696,TRUE,2016-08-12T12:14:52Z,FALSE,2016-08-12T12:14:52Z,FALSE,FALSE,solar-geolocator-twilight,Calidris ruficollis,X778,036-90135,Tracking Red-necked stints along the EAAF
16668349697,TRUE,2016-08-12T20:33:50Z,TRUE,2016-08-12T20:33:50Z,FALSE,FALSE,solar-geolocator-twilight,Calidris ruficollis,X778,036-90135,Tracking Red-necked stints along the EAAF
16668349714,TRUE,2016-08-13T12:09:52Z,FALSE,2016-08-13T12:09:52Z,FALSE,FALSE,solar-geolocator-twilight,Calidris ruficollis,X778,036-90135,Tracking Red-necked stints along the EAAF
16668349715,TRUE,2016-08-13T20:31:40Z,TRUE,2016-08-13T20:31:40Z,FALSE,FALSE,solar-geolocator-twilight,Calidris ruficollis,X778,036-90135,Tracking Red-necked stints along the EAAF
16668349732,TRUE,2016-08-14T11:55:11Z,FALSE,2016-08-14T11:55:11Z,FALSE,FALSE,solar-geolocator-twilight,Calidris ruficollis,X778,036-90135,Tracking Red-necked stints along the EAAF
16668349733,TRUE,2016-08-14T20:22:54Z,TRUE,2016-08-14T20:22:54Z,FALSE,FALSE,solar-geolocator-twilight,Calidris ruficollis,X778,036-90135,Tracking Red-necked stints along the EAAF
16668349750,TRUE,2016-08-15T11:51:43Z,FALSE,2016-08-15T11:51:43Z,FALSE,FALSE,solar-geolocator-twilight,Calidris ruficollis,X778,036-90135,Tracking Red-necked stints along the EAAF
16668349751,TRUE,2016-08-15T20:28:24Z,TRUE,2016-08-15T20:28:24Z,FALSE,FALSE,solar-geolocator-twilight,Calidris ruficollis,X778,036-90135,Tracking Red-necked stints along the EAAF
16668349768,TRUE,2016-08-16T11:54:52Z,FALSE,2016-08-16T11:54:52Z,FALSE,FALSE,solar-geolocator-twilight,Calidris ruficollis,X778,036-90135,Tracking Red-necked stints along the EAAF
16668349769,TRUE,2016-08-16T20:22:54Z,TRUE,2016-08-16T20:22:54Z,FALSE,FALSE,solar-geolocator-twilight,Calidris ruficollis,X778,036-90135,Tracking Red-necked stints along the EAAF
16668349786,TRUE,2016-08-17T11:53:36Z,FALSE,2016-08-17T11:53:36Z,FALSE,FALSE,solar-geolocator-twilight,Calidris ruficollis,X778,036-90135,Tracking Red-necked stints along the EAAF
16668349787,TRUE,2016-08-17T20:24:40Z,TRUE,2016-08-17T20:24:40Z,FALSE,FALSE,solar-geolocator-twilight,Calidris ruficollis,X778,036-90135,Tracking Red-necked stints along the EAAF
16668349804,TRUE,2016-08-18T11:41:43Z,FALSE,2016-08-18T11:41:43Z,FALSE,FALSE,solar-geolocator-twilight,Calidris ruficollis,X778,036-90135,Tracking Red-necked stints along the EAAF
16668349805,TRUE,2016-08-18T20:47:54Z,TRUE,2016-08-18T20:47:54Z,FALSE,FALSE,solar-geolocator-twilight,Calidris ruficollis,X778,036-90135,Tracking Red-necked stints along the EAAF
16668349822,TRUE,2016-08-19T11:23:29Z,FALSE,2016-08-19T11:23:29Z,FALSE,FALSE,solar-geolocator-twilight,Calidris ruficollis,X778,036-90135,Tracking Red-necked stints along the EAAF
16668349824,TRUE,2016-08-19T21:03:50Z,TRUE,2016-08-19T21:03:50Z,FALSE,FALSE,solar-geolocator-twilight,Calidris ruficollis,X778,036-90135,Tracking Red-necked stints along the EAAF
16668349838,TRUE,2016-08-20T11:17:59Z,FALSE,2016-08-20T11:17:59Z,FALSE,FALSE,solar-geolocator-twilight,Calidris ruficollis,X778,036-90135,Tracking Red-necked stints along the EAAF
16668349841,TRUE,2016-08-20T20:59:40Z,TRUE,2016-08-20T20:59:40Z,FALSE,FALSE,solar-geolocator-twilight,Calidris ruficollis,X778,036-90135,Tracking Red-necked stints along the EAAF
16668349857,TRUE,2016-08-21T11:15:03Z,FALSE,2016-08-21T11:15:03Z,FALSE,FALSE,solar-geolocator-twilight,Calidris ruficollis,X778,036-90135,Tracking Red-necked stints along the EAAF
16668349859,TRUE,2016-08-21T20:59:40Z,TRUE,2016-08-21T20:59:40Z,FALSE,FALSE,solar-geolocator-twilight,Calidris ruficollis,X778,036-90135,Tracking Red-necked stints along the EAAF
16668349874,TRUE,2016-08-22T11:18:15Z,FALSE,2016-08-22T11:18:15Z,FALSE,FALSE,solar-geolocator-twilight,Calidris ruficollis,X778,036-90135,Tracking Red-necked stints along the EAAF
16668349877,TRUE,2016-08-22T21:07:24Z,TRUE,2016-08-22T21:07:24Z,FALSE,FALSE,solar-geolocator-twilight,Calidris ruficollis,X778,036-90135,Tracking Red-necked stints along the EAAF
16668349893,TRUE,2016-08-23T11:06:43Z,FALSE,2016-08-23T11:06:43Z,FALSE,FALSE,solar-geolocator-twilight,Calidris ruficollis,X778,036-90135,Tracking Red-necked stints along the EAAF
16668349895,TRUE,2016-08-23T21:13:50Z,TRUE,2016-08-23T21:13:50Z,FALSE,FALSE,solar-geolocator-twilight,Calidris ruficollis,X778,036-90135,Tracking Red-necked stints along the EAAF
16668349910,TRUE,2016-08-24T11:02:33Z,FALSE,2016-08-24T11:02:33Z,FALSE,FALSE,solar-geolocator-twilight,Calidris ruficollis,X778,036-90135,Tracking Red-necked stints along the EAAF
16668349914,TRUE,2016-08-24T21:18:50Z,TRUE,2016-08-24T21:18:50Z,FALSE,FALSE,solar-geolocator-twilight,Calidris ruficollis,X778,036-90135,Tracking Red-necked stints along the EAAF
16668349928,TRUE,2016-08-25T11:09:43Z,FALSE,2016-08-25T11:09:43Z,FALSE,FALSE,solar-geolocator-twilight,Calidris ruficollis,X778,036-90135,Tracking Red-necked stints along the EAAF
16668349931,TRUE,2016-08-25T21:01:17Z,TRUE,2016-08-25T21:01:17Z,FALSE,FALSE,solar-geolocator-twilight,Calidris ruficollis,X778,036-90135,Tracking Red-necked stints along the EAAF
16668349945,TRUE,2016-08-26T11:11:43Z,FALSE,2016-08-26T11:11:43Z,FALSE,FALSE,solar-geolocator-twilight,Calidris ruficollis,X778,036-90135,Tracking Red-necked stints along the EAAF
16668349949,TRUE,2016-08-26T20:58:50Z,TRUE,2016-08-26T20:58:50Z,FALSE,FALSE,solar-geolocator-twilight,Calidris ruficollis,X778,036-90135,Tracking Red-necked stints along the EAAF
16668349965,TRUE,2016-08-27T11:08:52Z,FALSE,2016-08-27T11:08:52Z,FALSE,FALSE,solar-geolocator-twilight,Calidris ruficollis,X778,036-90135,Tracking Red-necked stints along the EAAF
16668349967,TRUE,2016-08-27T21:07:41Z,TRUE,2016-08-27T21:07:41Z,FALSE,FALSE,solar-geolocator-twilight,Calidris ruficollis,X778,036-90135,Tracking Red-necked stints along the EAAF
16668349982,TRUE,2016-08-28T11:07:33Z,FALSE,2016-08-28T11:07:33Z,FALSE,FALSE,solar-geolocator-twilight,Calidris ruficollis,X778,036-90135,Tracking Red-necked stints along the EAAF
16668349985,TRUE,2016-08-28T21:06:59Z,TRUE,2016-08-28T21:06:59Z,FALSE,FALSE,solar-geolocator-twilight,Calidris ruficollis,X778,036-90135,Tracking Red-necked stints along the EAAF
16668350000,TRUE,2016-08-29T10:58:48Z,FALSE,2016-08-29T10:58:48Z,FALSE,FALSE,solar-geolocator-twilight,Calidris ruficollis,X778,036-90135,Tracking Red-necked stints along the EAAF
16668350003,TRUE,2016-08-29T21:08:24Z,TRUE,2016-08-29T21:08:24Z,FALSE,FALSE,solar-geolocator-twilight,Calidris ruficollis,X778,036-90135,Tracking Red-necked stints along the EAAF
16668350019,TRUE,2016-08-30T11:00:11Z,FALSE,2016-08-30T11:00:11Z,FALSE,FALSE,solar-geolocator-twilight,Calidris ruficollis,X778,036-90135,Tracking Red-necked stints along the EAAF
16668350022,TRUE,2016-08-30T21:13:24Z,TRUE,2016-08-30T21:13:24Z,FALSE,FALSE,solar-geolocator-twilight,Calidris ruficollis,X778,036-90135,Tracking Red-necked stints along the EAAF
16668350037,TRUE,2016-08-31T10:58:36Z,FALSE,2016-08-31T10:58:36Z,FALSE,FALSE,solar-geolocator-twilight,Calidris ruficollis,X778,036-90135,Tracking Red-necked stints along the EAAF
16668350039,TRUE,2016-08-31T21:11:15Z,TRUE,2016-08-31T21:11:15Z,FALSE,FALSE,solar-geolocator-twilight,Calidris ruficollis,X778,036-90135,Tracking Red-necked stints along the EAAF
16668350054,TRUE,2016-09-01T10:52:33Z,FALSE,2016-09-01T10:52:33Z,FALSE,FALSE,solar-geolocator-twilight,Calidris ruficollis,X778,036-90135,Tracking Red-necked stints along the EAAF
16668350057,TRUE,2016-09-01T21:12:56Z,TRUE,2016-09-01T21:12:56Z,FALSE,FALSE,solar-geolocator-twilight,Calidris ruficollis,X778,036-90135,Tracking Red-necked stints along the EAAF
16668350073,TRUE,2016-09-02T10:56:43Z,FALSE,2016-09-02T10:56:43Z,FALSE,FALSE,solar-geolocator-twilight,Calidris ruficollis,X778,036-90135,Tracking Red-necked stints along the EAAF
16668350075,TRUE,2016-09-02T21:13:24Z,TRUE,2016-09-02T21:13:24Z,FALSE,FALSE,solar-geolocator-twilight,Calidris ruficollis,X778,036-90135,Tracking Red-necked stints along the EAAF
16668350090,TRUE,2016-09-03T10:52:33Z,FALSE,2016-09-03T10:52:33Z,FALSE,FALSE,solar-geolocator-twilight,Calidris ruficollis,X778,036-90135,Tracking Red-necked stints along the EAAF
16668350094,TRUE,2016-09-03T21:18:24Z,TRUE,2016-09-03T21:18:24Z,FALSE,FALSE,solar-geolocator-twilight,Calidris ruficollis,X778,036-90135,Tracking Red-necked stints along the EAAF
16668350107,TRUE,2016-09-04T10:45:15Z,FALSE,2016-09-04T10:45:15Z,FALSE,FALSE,solar-geolocator-twilight,Calidris ruficollis,X778,036-90135,Tracking Red-necked stints along the EAAF
16668350112,TRUE,2016-09-04T21:21:40Z,TRUE,2016-09-04T21:21:40Z,FALSE,FALSE,solar-geolocator-twilight,Calidris ruficollis,X778,036-90135,Tracking Red-necked stints along the EAAF
16668350124,TRUE,2016-09-05T10:43:15Z,FALSE,2016-09-05T10:43:15Z,FALSE,FALSE,solar-geolocator-twilight,Calidris ruficollis,X778,036-90135,Tracking Red-necked stints along the EAAF
16668350130,TRUE,2016-09-05T21:24:40Z,TRUE,2016-09-05T21:24:40Z,FALSE,FALSE,solar-geolocator-twilight,Calidris ruficollis,X778,036-90135,Tracking Red-necked stints along the EAAF
16668350142,TRUE,2016-09-06T10:37:59Z,FALSE,2016-09-06T10:37:59Z,FALSE,FALSE,solar-geolocator-twilight,Calidris ruficollis,X778,036-90135,Tracking Red-necked stints along the EAAF
16668350148,TRUE,2016-09-06T21:23:24Z,TRUE,2016-09-06T21:23:24Z,FALSE,FALSE,solar-geolocator-twilight,Calidris ruficollis,X778,036-90135,Tracking Red-necked stints along the EAAF
16668350159,TRUE,2016-09-07T10:25:06Z,FALSE,2016-09-07T10:25:06Z,FALSE,FALSE,solar-geolocator-twilight,Calidris ruficollis,X778,036-90135,Tracking Red-necked stints along the EAAF
16668350166,TRUE,2016-09-07T21:19:40Z,TRUE,2016-09-07T21:19:40Z,FALSE,FALSE,solar-geolocator-twilight,Calidris ruficollis,X778,036-90135,Tracking Red-necked stints along the EAAF
16668350177,TRUE,2016-09-08T10:18:15Z,FALSE,2016-09-08T10:18:15Z,FALSE,FALSE,solar-geolocator-twilight,Calidris ruficollis,X778,036-90135,Tracking Red-necked stints along the EAAF
16668350187,TRUE,2016-09-08T21:36:25Z,TRUE,2016-09-08T21:36:25Z,FALSE,FALSE,solar-geolocator-twilight,Calidris ruficollis,X778,036-90135,Tracking Red-necked stints along the EAAF
16668350196,TRUE,2016-09-09T10:16:43Z,FALSE,2016-09-09T10:16:43Z,FALSE,FALSE,solar-geolocator-twilight,Calidris ruficollis,X778,036-90135,Tracking Red-necked stints along the EAAF
16668350205,TRUE,2016-09-09T21:54:40Z,TRUE,2016-09-09T21:54:40Z,FALSE,FALSE,solar-geolocator-twilight,Calidris ruficollis,X778,036-90135,Tracking Red-necked stints along the EAAF
16668350214,TRUE,2016-09-10T10:20:03Z,FALSE,2016-09-10T10:20:03Z,FALSE,FALSE,solar-geolocator-twilight,Calidris ruficollis,X778,036-90135,Tracking Red-necked stints along the EAAF
16668350223,TRUE,2016-09-10T21:46:15Z,TRUE,2016-09-10T21:46:15Z,FALSE,FALSE,solar-geolocator-twilight,Calidris ruficollis,X778,036-90135,Tracking Red-necked stints along the EAAF
16668350232,TRUE,2016-09-11T10:27:59Z,FALSE,2016-09-11T10:27:59Z,FALSE,FALSE,solar-geolocator-twilight,Calidris ruficollis,X778,036-90135,Tracking Red-necked stints along the EAAF
16668350241,TRUE,2016-09-11T21:38:50Z,TRUE,2016-09-11T21:38:50Z,FALSE,FALSE,solar-geolocator-twilight,Calidris ruficollis,X778,036-90135,Tracking Red-necked stints along the EAAF
16668350251,TRUE,2016-09-12T10:27:33Z,FALSE,2016-09-12T10:27:33Z,FALSE,FALSE,solar-geolocator-twilight,Calidris ruficollis,X778,036-90135,Tracking Red-necked stints along the EAAF
16668350260,TRUE,2016-09-12T21:44:40Z,TRUE,2016-09-12T21:44:40Z,FALSE,FALSE,solar-geolocator-twilight,Calidris ruficollis,X778,036-90135,Tracking Red-necked stints along the EAAF
16668350269,TRUE,2016-09-13T10:23:27Z,FALSE,2016-09-13T10:23:27Z,FALSE,FALSE,solar-geolocator-twilight,Calidris ruficollis,X778,036-90135,Tracking Red-necked stints along the EAAF
16668350278,TRUE,2016-09-13T21:42:10Z,TRUE,2016-09-13T21:42:10Z,FALSE,FALSE,solar-geolocator-twilight,Calidris ruficollis,X778,036-90135,Tracking Red-necked stints along the EAAF
16668350287,TRUE,2016-09-14T10:19:25Z,FALSE,2016-09-14T10:19:25Z,FALSE,FALSE,solar-geolocator-twilight,Calidris ruficollis,X778,036-90135,Tracking Red-necked stints along the EAAF
16668350296,TRUE,2016-09-14T21:36:31Z,TRUE,2016-09-14T21:36:31Z,FALSE,FALSE,solar-geolocator-twilight,Calidris ruficollis,X778,036-90135,Tracking Red-necked stints along the EAAF
16668350305,TRUE,2016-09-15T10:20:19Z,FALSE,2016-09-15T10:20:19Z,FALSE,FALSE,solar-geolocator-twilight,Calidris ruficollis,X778,036-90135,Tracking Red-necked stints along the EAAF
16668350316,TRUE,2016-09-15T21:44:40Z,TRUE,2016-09-15T21:44:40Z,FALSE,FALSE,solar-geolocator-twilight,Calidris ruficollis,X778,036-90135,Tracking Red-necked stints along the EAAF
16668350325,TRUE,2016-09-16T10:26:43Z,FALSE,2016-09-16T10:26:43Z,FALSE,FALSE,solar-geolocator-twilight,Calidris ruficollis,X778,036-90135,Tracking Red-necked stints along the EAAF
16668350334,TRUE,2016-09-16T21:43:24Z,TRUE,2016-09-16T21:43:24Z,FALSE,FALSE,solar-geolocator-twilight,Calidris ruficollis,X778,036-90135,Tracking Red-necked stints along the EAAF
16668350343,TRUE,2016-09-17T10:21:43Z,FALSE,2016-09-17T10:21:43Z,FALSE,FALSE,solar-geolocator-twilight,Calidris ruficollis,X778,036-90135,Tracking Red-necked stints along the EAAF
16668350353,TRUE,2016-09-17T21:39:40Z,TRUE,2016-09-17T21:39:40Z,FALSE,FALSE,solar-geolocator-twilight,Calidris ruficollis,X778,036-90135,Tracking Red-necked stints along the EAAF
16668350362,TRUE,2016-09-18T10:23:15Z,FALSE,2016-09-18T10:23:15Z,FALSE,FALSE,solar-geolocator-twilight,Calidris ruficollis,X778,036-90135,Tracking Red-necked stints along the EAAF
16668350371,TRUE,2016-09-18T21:41:40Z,TRUE,2016-09-18T21:41:40Z,FALSE,FALSE,solar-geolocator-twilight,Calidris ruficollis,X778,036-90135,Tracking Red-necked stints along the EAAF
16668350380,TRUE,2016-09-19T10:27:59Z,FALSE,2016-09-19T10:27:59Z,FALSE,FALSE,solar-geolocator-twilight,Calidris ruficollis,X778,036-90135,Tracking Red-necked stints along the EAAF
16668350389,TRUE,2016-09-19T21:47:41Z,TRUE,2016-09-19T21:47:41Z,FALSE,FALSE,solar-geolocator-twilight,Calidris ruficollis,X778,036-90135,Tracking Red-necked stints along the EAAF
16668350398,TRUE,2016-09-20T10:15:15Z,FALSE,2016-09-20T10:15:15Z,FALSE,FALSE,solar-geolocator-twilight,Calidris ruficollis,X778,036-90135,Tracking Red-necked stints along the EAAF
16668350407,TRUE,2016-09-20T21:37:18Z,TRUE,2016-09-20T21:37:18Z,FALSE,FALSE,solar-geolocator-twilight,Calidris ruficollis,X778,036-90135,Tracking Red-necked stints along the EAAF
16668350416,TRUE,2016-09-21T10:22:59Z,FALSE,2016-09-21T10:22:59Z,FALSE,FALSE,solar-geolocator-twilight,Calidris ruficollis,X778,036-90135,Tracking Red-necked stints along the EAAF
16668350425,TRUE,2016-09-21T21:37:47Z,TRUE,2016-09-21T21:37:47Z,FALSE,FALSE,solar-geolocator-twilight,Calidris ruficollis,X778,036-90135,Tracking Red-necked stints along the EAAF
16668350434,TRUE,2016-09-22T10:18:48Z,FALSE,2016-09-22T10:18:48Z,FALSE,FALSE,solar-geolocator-twilight,Calidris ruficollis,X778,036-90135,Tracking Red-necked stints along the EAAF
16668350443,TRUE,2016-09-22T21:39:40Z,TRUE,2016-09-22T21:39:40Z,FALSE,FALSE,solar-geolocator-twilight,Calidris ruficollis,X778,036-90135,Tracking Red-necked stints along the EAAF
16668350452,TRUE,2016-09-23T10:19:43Z,FALSE,2016-09-23T10:19:43Z,FALSE,FALSE,solar-geolocator-twilight,Calidris ruficollis,X778,036-90135,Tracking Red-necked stints along the EAAF
16668350462,TRUE,2016-09-23T21:38:50Z,TRUE,2016-09-23T21:38:50Z,FALSE,FALSE,solar-geolocator-twilight,Calidris ruficollis,X778,036-90135,Tracking Red-necked stints along the EAAF
16668350471,TRUE,2016-09-24T10:18:15Z,FALSE,2016-09-24T10:18:15Z,FALSE,FALSE,solar-geolocator-twilight,Calidris ruficollis,X778,036-90135,Tracking Red-necked stints along the EAAF
16668350480,TRUE,2016-09-24T21:38:08Z,TRUE,2016-09-24T21:38:08Z,FALSE,FALSE,solar-geolocator-twilight,Calidris ruficollis,X778,036-90135,Tracking Red-necked stints along the EAAF
16668350489,TRUE,2016-09-25T10:13:15Z,FALSE,2016-09-25T10:13:15Z,FALSE,FALSE,solar-geolocator-twilight,Calidris ruficollis,X778,036-90135,Tracking Red-necked stints along the EAAF
16668350498,TRUE,2016-09-25T21:43:08Z,TRUE,2016-09-25T21:43:08Z,FALSE,FALSE,solar-geolocator-twilight,Calidris ruficollis,X778,036-90135,Tracking Red-necked stints along the EAAF
16668350507,TRUE,2016-09-26T10:14:58Z,FALSE,2016-09-26T10:14:58Z,FALSE,FALSE,solar-geolocator-twilight,Calidris ruficollis,X778,036-90135,Tracking Red-necked stints along the EAAF
16668350516,TRUE,2016-09-26T21:34:40Z,TRUE,2016-09-26T21:34:40Z,FALSE,FALSE,solar-geolocator-twilight,Calidris ruficollis,X778,036-90135,Tracking Red-necked stints along the EAAF
16668350525,TRUE,2016-09-27T10:02:59Z,FALSE,2016-09-27T10:02:59Z,FALSE,FALSE,solar-geolocator-twilight,Calidris ruficollis,X778,036-90135,Tracking Red-necked stints along the EAAF
16668350534,TRUE,2016-09-27T21:28:50Z,TRUE,2016-09-27T21:28:50Z,FALSE,FALSE,solar-geolocator-twilight,Calidris ruficollis,X778,036-90135,Tracking Red-necked stints along the EAAF
16668350543,TRUE,2016-09-28T10:17:33Z,FALSE,2016-09-28T10:17:33Z,FALSE,FALSE,solar-geolocator-twilight,Calidris ruficollis,X778,036-90135,Tracking Red-necked stints along the EAAF
16668350552,TRUE,2016-09-28T21:39:40Z,TRUE,2016-09-28T21:39:40Z,FALSE,FALSE,solar-geolocator-twilight,Calidris ruficollis,X778,036-90135,Tracking Red-necked stints along the EAAF
16668350560,TRUE,2016-09-29T10:15:16Z,FALSE,2016-09-29T10:15:16Z,FALSE,FALSE,solar-geolocator-twilight,Calidris ruficollis,X778,036-90135,Tracking Red-necked stints along the EAAF
16668350568,TRUE,2016-09-29T21:34:40Z,TRUE,2016-09-29T21:34:40Z,FALSE,FALSE,solar-geolocator-twilight,Calidris ruficollis,X778,036-90135,Tracking Red-necked stints along the EAAF
16668350576,TRUE,2016-09-30T10:16:43Z,FALSE,2016-09-30T10:16:43Z,FALSE,FALSE,solar-geolocator-twilight,Calidris ruficollis,X778,036-90135,Tracking Red-necked stints along the EAAF
16668350584,TRUE,2016-09-30T21:31:15Z,TRUE,2016-09-30T21:31:15Z,FALSE,FALSE,solar-geolocator-twilight,Calidris ruficollis,X778,036-90135,Tracking Red-necked stints along the EAAF
16668350591,TRUE,2016-10-01T10:15:15Z,FALSE,2016-10-01T10:15:15Z,FALSE,FALSE,solar-geolocator-twilight,Calidris ruficollis,X778,036-90135,Tracking Red-necked stints along the EAAF
16668350600,TRUE,2016-10-01T21:22:12Z,TRUE,2016-10-01T21:22:12Z,FALSE,FALSE,solar-geolocator-twilight,Calidris ruficollis,X778,036-90135,Tracking Red-necked stints along the EAAF
16668350608,TRUE,2016-10-02T10:27:59Z,FALSE,2016-10-02T10:27:59Z,FALSE,FALSE,solar-geolocator-twilight,Calidris ruficollis,X778,036-90135,Tracking Red-necked stints along the EAAF
16668350616,TRUE,2016-10-02T21:29:40Z,TRUE,2016-10-02T21:29:40Z,FALSE,FALSE,solar-geolocator-twilight,Calidris ruficollis,X778,036-90135,Tracking Red-necked stints along the EAAF
16668350624,TRUE,2016-10-03T10:34:11Z,FALSE,2016-10-03T10:34:11Z,FALSE,FALSE,solar-geolocator-twilight,Calidris ruficollis,X778,036-90135,Tracking Red-necked stints along the EAAF
16668350632,TRUE,2016-10-03T21:28:08Z,TRUE,2016-10-03T21:28:08Z,FALSE,FALSE,solar-geolocator-twilight,Calidris ruficollis,X778,036-90135,Tracking Red-necked stints along the EAAF
16668350640,TRUE,2016-10-04T10:36:43Z,FALSE,2016-10-04T10:36:43Z,FALSE,FALSE,solar-geolocator-twilight,Calidris ruficollis,X778,036-90135,Tracking Red-necked stints along the EAAF
16668350648,TRUE,2016-10-04T21:26:25Z,TRUE,2016-10-04T21:26:25Z,FALSE,FALSE,solar-geolocator-twilight,Calidris ruficollis,X778,036-90135,Tracking Red-necked stints along the EAAF
16668350656,TRUE,2016-10-05T10:29:37Z,FALSE,2016-10-05T10:29:37Z,FALSE,FALSE,solar-geolocator-twilight,Calidris ruficollis,X778,036-90135,Tracking Red-necked stints along the EAAF
16668350664,TRUE,2016-10-05T21:28:24Z,TRUE,2016-10-05T21:28:24Z,FALSE,FALSE,solar-geolocator-twilight,Calidris ruficollis,X778,036-90135,Tracking Red-necked stints along the EAAF
16668350672,TRUE,2016-10-06T10:35:10Z,FALSE,2016-10-06T10:35:10Z,FALSE,FALSE,solar-geolocator-twilight,Calidris ruficollis,X778,036-90135,Tracking Red-necked stints along the EAAF
16668350680,TRUE,2016-10-06T21:31:20Z,TRUE,2016-10-06T21:31:20Z,FALSE,FALSE,solar-geolocator-twilight,Calidris ruficollis,X778,036-90135,Tracking Red-necked stints along the EAAF
16668350688,TRUE,2016-10-07T10:38:27Z,FALSE,2016-10-07T10:38:27Z,FALSE,FALSE,solar-geolocator-twilight,Calidris ruficollis,X778,036-90135,Tracking Red-necked stints along the EAAF
16668350696,TRUE,2016-10-07T21:26:13Z,TRUE,2016-10-07T21:26:13Z,FALSE,FALSE,solar-geolocator-twilight,Calidris ruficollis,X778,036-90135,Tracking Red-necked stints along the EAAF
16668350704,TRUE,2016-10-08T10:38:29Z,FALSE,2016-10-08T10:38:29Z,FALSE,FALSE,solar-geolocator-twilight,Calidris ruficollis,X778,036-90135,Tracking Red-necked stints along the EAAF
16668350712,TRUE,2016-10-08T21:23:08Z,TRUE,2016-10-08T21:23:08Z,FALSE,FALSE,solar-geolocator-twilight,Calidris ruficollis,X778,036-90135,Tracking Red-necked stints along the EAAF
16668350720,TRUE,2016-10-09T10:41:43Z,FALSE,2016-10-09T10:41:43Z,FALSE,FALSE,solar-geolocator-twilight,Calidris ruficollis,X778,036-90135,Tracking Red-necked stints along the EAAF
16668350728,TRUE,2016-10-09T21:26:25Z,TRUE,2016-10-09T21:26:25Z,FALSE,FALSE,solar-geolocator-twilight,Calidris ruficollis,X778,036-90135,Tracking Red-necked stints along the EAAF
16668350736,TRUE,2016-10-10T10:36:43Z,FALSE,2016-10-10T10:36:43Z,FALSE,FALSE,solar-geolocator-twilight,Calidris ruficollis,X778,036-90135,Tracking Red-necked stints along the EAAF
16668350744,TRUE,2016-10-10T21:26:15Z,TRUE,2016-10-10T21:26:15Z,FALSE,FALSE,solar-geolocator-twilight,Calidris ruficollis,X778,036-90135,Tracking Red-necked stints along the EAAF
16668350752,TRUE,2016-10-11T10:42:33Z,FALSE,2016-10-11T10:42:33Z,FALSE,FALSE,solar-geolocator-twilight,Calidris ruficollis,X778,036-90135,Tracking Red-necked stints along the EAAF
16668350760,TRUE,2016-10-11T21:22:41Z,TRUE,2016-10-11T21:22:41Z,FALSE,FALSE,solar-geolocator-twilight,Calidris ruficollis,X778,036-90135,Tracking Red-necked stints along the EAAF
16668350768,TRUE,2016-10-12T10:30:26Z,FALSE,2016-10-12T10:30:26Z,FALSE,FALSE,solar-geolocator-twilight,Calidris ruficollis,X778,036-90135,Tracking Red-necked stints along the EAAF
16668350776,TRUE,2016-10-12T21:22:54Z,TRUE,2016-10-12T21:22:54Z,FALSE,FALSE,solar-geolocator-twilight,Calidris ruficollis,X778,036-90135,Tracking Red-necked stints along the EAAF
16668350784,TRUE,2016-10-13T10:42:59Z,FALSE,2016-10-13T10:42:59Z,FALSE,FALSE,solar-geolocator-twilight,Calidris ruficollis,X778,036-90135,Tracking Red-necked stints along the EAAF
16668350792,TRUE,2016-10-13T21:19:40Z,TRUE,2016-10-13T21:19:40Z,FALSE,FALSE,solar-geolocator-twilight,Calidris ruficollis,X778,036-90135,Tracking Red-necked stints along the EAAF
16668350800,TRUE,2016-10-14T10:43:15Z,FALSE,2016-10-14T10:43:15Z,FALSE,FALSE,solar-geolocator-twilight,Calidris ruficollis,X778,036-90135,Tracking Red-necked stints along the EAAF
16668350808,TRUE,2016-10-14T21:18:50Z,TRUE,2016-10-14T21:18:50Z,FALSE,FALSE,solar-geolocator-twilight,Calidris ruficollis,X778,036-90135,Tracking Red-necked stints along the EAAF
16668350816,TRUE,2016-10-15T10:39:24Z,FALSE,2016-10-15T10:39:24Z,FALSE,FALSE,solar-geolocator-twilight,Calidris ruficollis,X778,036-90135,Tracking Red-necked stints along the EAAF
16668350824,TRUE,2016-10-15T21:29:40Z,TRUE,2016-10-15T21:29:40Z,FALSE,FALSE,solar-geolocator-twilight,Calidris ruficollis,X778,036-90135,Tracking Red-necked stints along the EAAF
16668350832,TRUE,2016-10-16T10:40:14Z,FALSE,2016-10-16T10:40:14Z,FALSE,FALSE,solar-geolocator-twilight,Calidris ruficollis,X778,036-90135,Tracking Red-necked stints along the EAAF
16668350840,TRUE,2016-10-16T21:24:40Z,TRUE,2016-10-16T21:24:40Z,FALSE,FALSE,solar-geolocator-twilight,Calidris ruficollis,X778,036-90135,Tracking Red-necked stints along the EAAF
16668350848,TRUE,2016-10-17T10:47:33Z,FALSE,2016-10-17T10:47:33Z,FALSE,FALSE,solar-geolocator-twilight,Calidris ruficollis,X778,036-90135,Tracking Red-necked stints along the EAAF
16668350856,TRUE,2016-10-17T21:25:59Z,TRUE,2016-10-17T21:25:59Z,FALSE,FALSE,solar-geolocator-twilight,Calidris ruficollis,X778,036-90135,Tracking Red-necked stints along the EAAF
16668350864,TRUE,2016-10-18T10:43:29Z,FALSE,2016-10-18T10:43:29Z,FALSE,FALSE,solar-geolocator-twilight,Calidris ruficollis,X778,036-90135,Tracking Red-necked stints along the EAAF
16668350872,TRUE,2016-10-18T21:17:35Z,TRUE,2016-10-18T21:17:35Z,FALSE,FALSE,solar-geolocator-twilight,Calidris ruficollis,X778,036-90135,Tracking Red-necked stints along the EAAF
16668350880,TRUE,2016-10-19T10:44:24Z,FALSE,2016-10-19T10:44:24Z,FALSE,FALSE,solar-geolocator-twilight,Calidris ruficollis,X778,036-90135,Tracking Red-necked stints along the EAAF
16668350888,TRUE,2016-10-19T21:17:35Z,TRUE,2016-10-19T21:17:35Z,FALSE,FALSE,solar-geolocator-twilight,Calidris ruficollis,X778,036-90135,Tracking Red-necked stints along the EAAF
16668350896,TRUE,2016-10-20T10:46:43Z,FALSE,2016-10-20T10:46:43Z,FALSE,FALSE,solar-geolocator-twilight,Calidris ruficollis,X778,036-90135,Tracking Red-necked stints along the EAAF
16668350904,TRUE,2016-10-20T20:48:24Z,TRUE,2016-10-20T20:48:24Z,FALSE,FALSE,solar-geolocator-twilight,Calidris ruficollis,X778,036-90135,Tracking Red-necked stints along the EAAF
16668350912,TRUE,2016-10-21T09:57:59Z,FALSE,2016-10-21T09:57:59Z,FALSE,FALSE,solar-geolocator-twilight,Calidris ruficollis,X778,036-90135,Tracking Red-necked stints along the EAAF
16668350922,TRUE,2016-10-21T20:07:27Z,TRUE,2016-10-21T20:07:27Z,FALSE,FALSE,solar-geolocator-twilight,Calidris ruficollis,X778,036-90135,Tracking Red-necked stints along the EAAF
16668350930,TRUE,2016-10-22T09:59:09Z,FALSE,2016-10-22T09:59:09Z,FALSE,FALSE,solar-geolocator-twilight,Calidris ruficollis,X778,036-90135,Tracking Red-necked stints along the EAAF
16668350938,TRUE,2016-10-22T19:52:47Z,TRUE,2016-10-22T19:52:47Z,FALSE,FALSE,solar-geolocator-twilight,Calidris ruficollis,X778,036-90135,Tracking Red-necked stints along the EAAF
16668350946,TRUE,2016-10-23T09:58:36Z,FALSE,2016-10-23T09:58:36Z,FALSE,FALSE,solar-geolocator-twilight,Calidris ruficollis,X778,036-90135,Tracking Red-necked stints along the EAAF
16668350954,TRUE,2016-10-23T19:57:47Z,TRUE,2016-10-23T19:57:47Z,FALSE,FALSE,solar-geolocator-twilight,Calidris ruficollis,X778,036-90135,Tracking Red-necked stints along the EAAF
16668350962,TRUE,2016-10-24T10:03:27Z,FALSE,2016-10-24T10:03:27Z,FALSE,FALSE,solar-geolocator-twilight,Calidris ruficollis,X778,036-90135,Tracking Red-necked stints along the EAAF
16668350970,TRUE,2016-10-24T19:59:40Z,TRUE,2016-10-24T19:59:40Z,FALSE,FALSE,solar-geolocator-twilight,Calidris ruficollis,X778,036-90135,Tracking Red-necked stints along the EAAF
16668350978,TRUE,2016-10-25T09:48:27Z,FALSE,2016-10-25T09:48:27Z,FALSE,FALSE,solar-geolocator-twilight,Calidris ruficollis,X778,036-90135,Tracking Red-necked stints along the EAAF
16668350986,TRUE,2016-10-25T20:09:40Z,TRUE,2016-10-25T20:09:40Z,FALSE,FALSE,solar-geolocator-twilight,Calidris ruficollis,X778,036-90135,Tracking Red-necked stints along the EAAF
16668350994,TRUE,2016-10-26T10:03:59Z,FALSE,2016-10-26T10:03:59Z,FALSE,FALSE,solar-geolocator-twilight,Calidris ruficollis,X778,036-90135,Tracking Red-necked stints along the EAAF
16668351002,TRUE,2016-10-26T19:47:35Z,TRUE,2016-10-26T19:47:35Z,FALSE,FALSE,solar-geolocator-twilight,Calidris ruficollis,X778,036-90135,Tracking Red-necked stints along the EAAF
16668351010,TRUE,2016-10-27T09:55:10Z,FALSE,2016-10-27T09:55:10Z,FALSE,FALSE,solar-geolocator-twilight,Calidris ruficollis,X778,036-90135,Tracking Red-necked stints along the EAAF
16668351018,TRUE,2016-10-27T19:13:24Z,TRUE,2016-10-27T19:13:24Z,FALSE,FALSE,solar-geolocator-twilight,Calidris ruficollis,X778,036-90135,Tracking Red-necked stints along the EAAF
16668351026,TRUE,2016-10-28T09:43:15Z,FALSE,2016-10-28T09:43:15Z,FALSE,FALSE,solar-geolocator-twilight,Calidris ruficollis,X778,036-90135,Tracking Red-necked stints along the EAAF
16668351034,TRUE,2016-10-28T19:13:24Z,TRUE,2016-10-28T19:13:24Z,FALSE,FALSE,solar-geolocator-twilight,Calidris ruficollis,X778,036-90135,Tracking Red-necked stints along the EAAF
16668351042,TRUE,2016-10-29T09:29:11Z,FALSE,2016-10-29T09:29:11Z,FALSE,FALSE,solar-geolocator-twilight,Calidris ruficollis,X778,036-90135,Tracking Red-necked stints along the EAAF
16668351049,TRUE,2016-10-29T19:06:07Z,TRUE,2016-10-29T19:06:07Z,FALSE,FALSE,solar-geolocator-twilight,Calidris ruficollis,X778,036-90135,Tracking Red-necked stints along the EAAF
16668351055,TRUE,2016-10-30T09:26:43Z,FALSE,2016-10-30T09:26:43Z,FALSE,FALSE,solar-geolocator-twilight,Calidris ruficollis,X778,036-90135,Tracking Red-necked stints along the EAAF
16668351059,TRUE,2016-10-30T18:48:50Z,TRUE,2016-10-30T18:48:50Z,FALSE,FALSE,solar-geolocator-twilight,Calidris ruficollis,X778,036-90135,Tracking Red-necked stints along the EAAF
16668351068,TRUE,2016-10-31T09:09:20Z,FALSE,2016-10-31T09:09:20Z,FALSE,FALSE,solar-geolocator-twilight,Calidris ruficollis,X778,036-90135,Tracking Red-necked stints along the EAAF
16668351074,TRUE,2016-10-31T18:48:24Z,TRUE,2016-10-31T18:48:24Z,FALSE,FALSE,solar-geolocator-twilight,Calidris ruficollis,X778,036-90135,Tracking Red-necked stints along the EAAF
16668351085,TRUE,2016-11-01T09:22:33Z,FALSE,2016-11-01T09:22:33Z,FALSE,FALSE,solar-geolocator-twilight,Calidris ruficollis,X778,036-90135,Tracking Red-necked stints along the EAAF
16668351088,TRUE,2016-11-01T18:47:31Z,TRUE,2016-11-01T18:47:31Z,FALSE,FALSE,solar-geolocator-twilight,Calidris ruficollis,X778,036-90135,Tracking Red-necked stints along the EAAF
16668351095,TRUE,2016-11-02T09:23:42Z,FALSE,2016-11-02T09:23:42Z,FALSE,FALSE,solar-geolocator-twilight,Calidris ruficollis,X778,036-90135,Tracking Red-necked stints along the EAAF
16668351103,TRUE,2016-11-02T18:43:24Z,TRUE,2016-11-02T18:43:24Z,FALSE,FALSE,solar-geolocator-twilight,Calidris ruficollis,X778,036-90135,Tracking Red-necked stints along the EAAF
16668351109,TRUE,2016-11-03T09:24:07Z,FALSE,2016-11-03T09:24:07Z,FALSE,FALSE,solar-geolocator-twilight,Calidris ruficollis,X778,036-90135,Tracking Red-necked stints along the EAAF
16668351116,TRUE,2016-11-03T18:37:16Z,TRUE,2016-11-03T18:37:16Z,FALSE,FALSE,solar-geolocator-twilight,Calidris ruficollis,X778,036-90135,Tracking Red-necked stints along the EAAF
16668351125,TRUE,2016-11-04T09:25:03Z,FALSE,2016-11-04T09:25:03Z,FALSE,FALSE,solar-geolocator-twilight,Calidris ruficollis,X778,036-90135,Tracking Red-necked stints along the EAAF
16668351133,TRUE,2016-11-04T18:52:35Z,TRUE,2016-11-04T18:52:35Z,FALSE,FALSE,solar-geolocator-twilight,Calidris ruficollis,X778,036-90135,Tracking Red-necked stints along the EAAF
16668351137,TRUE,2016-11-05T09:18:48Z,FALSE,2016-11-05T09:18:48Z,FALSE,FALSE,solar-geolocator-twilight,Calidris ruficollis,X778,036-90135,Tracking Red-necked stints along the EAAF
16668351144,TRUE,2016-11-05T18:53:50Z,TRUE,2016-11-05T18:53:50Z,FALSE,FALSE,solar-geolocator-twilight,Calidris ruficollis,X778,036-90135,Tracking Red-necked stints along the EAAF
16668351149,TRUE,2016-11-06T09:23:36Z,FALSE,2016-11-06T09:23:36Z,FALSE,FALSE,solar-geolocator-twilight,Calidris ruficollis,X778,036-90135,Tracking Red-necked stints along the EAAF
16668351156,TRUE,2016-11-06T18:42:31Z,TRUE,2016-11-06T18:42:31Z,FALSE,FALSE,solar-geolocator-twilight,Calidris ruficollis,X778,036-90135,Tracking Red-necked stints along the EAAF
16668351159,TRUE,2016-11-07T09:18:48Z,FALSE,2016-11-07T09:18:48Z,FALSE,FALSE,solar-geolocator-twilight,Calidris ruficollis,X778,036-90135,Tracking Red-necked stints along the EAAF
16668351167,TRUE,2016-11-07T18:42:06Z,TRUE,2016-11-07T18:42:06Z,FALSE,FALSE,solar-geolocator-twilight,Calidris ruficollis,X778,036-90135,Tracking Red-necked stints along the EAAF
16668351171,TRUE,2016-11-08T09:23:52Z,FALSE,2016-11-08T09:23:52Z,FALSE,FALSE,solar-geolocator-twilight,Calidris ruficollis,X778,036-90135,Tracking Red-necked stints along the EAAF
16668351179,TRUE,2016-11-08T18:37:21Z,TRUE,2016-11-08T18:37:21Z,FALSE,FALSE,solar-geolocator-twilight,Calidris ruficollis,X778,036-90135,Tracking Red-necked stints along the EAAF
16668351181,TRUE,2016-11-09T09:11:43Z,FALSE,2016-11-09T09:11:43Z,FALSE,FALSE,solar-geolocator-twilight,Calidris ruficollis,X778,036-90135,Tracking Red-necked stints along the EAAF
16668351190,TRUE,2016-11-09T18:43:50Z,TRUE,2016-11-09T18:43:50Z,FALSE,FALSE,solar-geolocator-twilight,Calidris ruficollis,X778,036-90135,Tracking Red-necked stints along the EAAF
16668351193,TRUE,2016-11-10T09:31:43Z,FALSE,2016-11-10T09:31:43Z,FALSE,FALSE,solar-geolocator-twilight,Calidris ruficollis,X778,036-90135,Tracking Red-necked stints along the EAAF
16668351197,TRUE,2016-11-10T18:31:40Z,TRUE,2016-11-10T18:31:40Z,FALSE,FALSE,solar-geolocator-twilight,Calidris ruficollis,X778,036-90135,Tracking Red-necked stints along the EAAF
16668351202,TRUE,2016-11-11T09:28:59Z,FALSE,2016-11-11T09:28:59Z,FALSE,FALSE,solar-geolocator-twilight,Calidris ruficollis,X778,036-90135,Tracking Red-necked stints along the EAAF
16668351204,TRUE,2016-11-11T18:31:55Z,TRUE,2016-11-11T18:31:55Z,FALSE,FALSE,solar-geolocator-twilight,Calidris ruficollis,X778,036-90135,Tracking Red-necked stints along the EAAF
16668351208,TRUE,2016-11-12T09:21:43Z,FALSE,2016-11-12T09:21:43Z,FALSE,FALSE,solar-geolocator-twilight,Calidris ruficollis,X778,036-90135,Tracking Red-necked stints along the EAAF
16668351211,TRUE,2016-11-12T18:37:02Z,TRUE,2016-11-12T18:37:02Z,FALSE,FALSE,solar-geolocator-twilight,Calidris ruficollis,X778,036-90135,Tracking Red-necked stints along the EAAF
16668351216,TRUE,2016-11-13T09:24:40Z,FALSE,2016-11-13T09:24:40Z,FALSE,FALSE,solar-geolocator-twilight,Calidris ruficollis,X778,036-90135,Tracking Red-necked stints along the EAAF
16668351220,TRUE,2016-11-13T18:37:41Z,TRUE,2016-11-13T18:37:41Z,FALSE,FALSE,solar-geolocator-twilight,Calidris ruficollis,X778,036-90135,Tracking Red-necked stints along the EAAF
16668351225,TRUE,2016-11-14T09:33:56Z,FALSE,2016-11-14T09:33:56Z,FALSE,FALSE,solar-geolocator-twilight,Calidris ruficollis,X778,036-90135,Tracking Red-necked stints along the EAAF
16668351230,TRUE,2016-11-14T18:41:35Z,TRUE,2016-11-14T18:41:35Z,FALSE,FALSE,solar-geolocator-twilight,Calidris ruficollis,X778,036-90135,Tracking Red-necked stints along the EAAF
16668351234,TRUE,2016-11-15T09:43:56Z,FALSE,2016-11-15T09:43:56Z,FALSE,FALSE,solar-geolocator-twilight,Calidris ruficollis,X778,036-90135,Tracking Red-necked stints along the EAAF
16668351236,TRUE,2016-11-15T18:36:30Z,TRUE,2016-11-15T18:36:30Z,FALSE,FALSE,solar-geolocator-twilight,Calidris ruficollis,X778,036-90135,Tracking Red-necked stints along the EAAF
16668351240,TRUE,2016-11-16T09:45:23Z,FALSE,2016-11-16T09:45:23Z,FALSE,FALSE,solar-geolocator-twilight,Calidris ruficollis,X778,036-90135,Tracking Red-necked stints along the EAAF
16668351244,TRUE,2016-11-16T18:31:55Z,TRUE,2016-11-16T18:31:55Z,FALSE,FALSE,solar-geolocator-twilight,Calidris ruficollis,X778,036-90135,Tracking Red-necked stints along the EAAF
16668351249,TRUE,2016-11-17T09:44:09Z,FALSE,2016-11-17T09:44:09Z,FALSE,FALSE,solar-geolocator-twilight,Calidris ruficollis,X778,036-90135,Tracking Red-necked stints along the EAAF
16668351251,TRUE,2016-11-17T18:31:28Z,TRUE,2016-11-17T18:31:28Z,FALSE,FALSE,solar-geolocator-twilight,Calidris ruficollis,X778,036-90135,Tracking Red-necked stints along the EAAF
16668351255,TRUE,2016-11-18T09:49:34Z,FALSE,2016-11-18T09:49:34Z,FALSE,FALSE,solar-geolocator-twilight,Calidris ruficollis,X778,036-90135,Tracking Red-necked stints along the EAAF
16668351256,TRUE,2016-11-18T18:22:27Z,TRUE,2016-11-18T18:22:27Z,FALSE,FALSE,solar-geolocator-twilight,Calidris ruficollis,X778,036-90135,Tracking Red-necked stints along the EAAF
16668351259,TRUE,2016-11-19T09:29:42Z,FALSE,2016-11-19T09:29:42Z,FALSE,FALSE,solar-geolocator-twilight,Calidris ruficollis,X778,036-90135,Tracking Red-necked stints along the EAAF
16668351263,TRUE,2016-11-19T18:22:47Z,TRUE,2016-11-19T18:22:47Z,FALSE,FALSE,solar-geolocator-twilight,Calidris ruficollis,X778,036-90135,Tracking Red-necked stints along the EAAF
16668351266,TRUE,2016-11-20T09:44:19Z,FALSE,2016-11-20T09:44:19Z,FALSE,FALSE,solar-geolocator-twilight,Calidris ruficollis,X778,036-90135,Tracking Red-necked stints along the EAAF
16668351268,TRUE,2016-11-20T18:16:58Z,TRUE,2016-11-20T18:16:58Z,FALSE,FALSE,solar-geolocator-twilight,Calidris ruficollis,X778,036-90135,Tracking Red-necked stints along the EAAF
16668351272,TRUE,2016-11-21T09:18:52Z,FALSE,2016-11-21T09:18:52Z,FALSE,FALSE,solar-geolocator-twilight,Calidris ruficollis,X778,036-90135,Tracking Red-necked stints along the EAAF
16668351274,TRUE,2016-11-21T18:42:09Z,TRUE,2016-11-21T18:42:09Z,FALSE,FALSE,solar-geolocator-twilight,Calidris ruficollis,X778,036-90135,Tracking Red-necked stints along the EAAF
16668351277,TRUE,2016-11-22T09:13:27Z,FALSE,2016-11-22T09:13:27Z,FALSE,FALSE,solar-geolocator-twilight,Calidris ruficollis,X778,036-90135,Tracking Red-necked stints along the EAAF
16668351281,TRUE,2016-11-22T18:36:37Z,TRUE,2016-11-22T18:36:37Z,FALSE,FALSE,solar-geolocator-twilight,Calidris ruficollis,X778,036-90135,Tracking Red-necked stints along the EAAF
16668351283,TRUE,2016-11-23T09:19:25Z,FALSE,2016-11-23T09:19:25Z,FALSE,FALSE,solar-geolocator-twilight,Calidris ruficollis,X778,036-90135,Tracking Red-necked stints along the EAAF
16668351288,TRUE,2016-11-23T18:21:12Z,TRUE,2016-11-23T18:21:12Z,FALSE,FALSE,solar-geolocator-twilight,Calidris ruficollis,X778,036-90135,Tracking Red-necked stints along the EAAF
16668351291,TRUE,2016-11-24T09:49:20Z,FALSE,2016-11-24T09:49:20Z,FALSE,FALSE,solar-geolocator-twilight,Calidris ruficollis,X778,036-90135,Tracking Red-necked stints along the EAAF
16668351293,TRUE,2016-11-24T18:22:24Z,TRUE,2016-11-24T18:22:24Z,FALSE,FALSE,solar-geolocator-twilight,Calidris ruficollis,X778,036-90135,Tracking Red-necked stints along the EAAF
16668351296,TRUE,2016-11-25T09:39:19Z,FALSE,2016-11-25T09:39:19Z,FALSE,FALSE,solar-geolocator-twilight,Calidris ruficollis,X778,036-90135,Tracking Red-necked stints along the EAAF
16668351299,TRUE,2016-11-25T18:32:00Z,TRUE,2016-11-25T18:32:00Z,FALSE,FALSE,solar-geolocator-twilight,Calidris ruficollis,X778,036-90135,Tracking Red-necked stints along the EAAF
